LotArea,HouseStyle,OverallQual,OverallCond,YearBuilt,YearRemodAdd,LowQualFinSF,GrLivArea,BsmtFullBath,BsmtHalfBath,FullBath,HalfBath,BedroomAbvGr,KitchenAbvGr,SalePrice
8450,2Story,7,5,2003,2003,0,1710,1,0,2,1,3,1,208500
9600,1Story,6,8,1976,1976,0,1262,0,1,2,0,3,1,181500
11250,2Story,7,5,2001,2002,0,1786,1,0,2,1,3,1,223500
9550,2Story,7,5,1915,1970,0,1717,1,0,1,0,3,1,140000
14260,2Story,8,5,2000,2000,0,2198,1,0,2,1,4,1,250000
14115,1.5Fin,5,5,1993,1995,0,1362,1,0,1,1,1,1,143000
10084,1Story,8,5,2004,2005,0,1694,1,0,2,0,3,1,307000
10382,2Story,7,6,1973,1973,0,2090,1,0,2,1,3,1,200000
6120,1.5Fin,7,5,1931,1950,0,1774,0,0,2,0,2,2,129900
7420,1.5Unf,5,6,1939,1950,0,1077,1,0,1,0,2,2,118000
11200,1Story,5,5,1965,1965,0,1040,1,0,1,0,3,1,129500
11924,2Story,9,5,2005,2006,0,2324,1,0,3,0,4,1,345000
12968,1Story,5,6,1962,1962,0,912,1,0,1,0,2,1,144000
10652,1Story,7,5,2006,2007,0,1494,0,0,2,0,3,1,279500
10920,1Story,6,5,1960,1960,0,1253,1,0,1,1,2,1,157000
6120,1.5Unf,7,8,1929,2001,0,854,0,0,1,0,2,1,132000
11241,1Story,6,7,1970,1970,0,1004,1,0,1,0,2,1,149000
10791,1Story,4,5,1967,1967,0,1296,0,0,2,0,2,2,90000
13695,1Story,5,5,2004,2004,0,1114,1,0,1,1,3,1,159000
7560,1Story,5,6,1958,1965,0,1339,0,0,1,0,3,1,139000
14215,2Story,8,5,2005,2006,0,2376,0,0,3,1,4,1,325300
7449,1.5Unf,7,7,1930,1950,0,1108,0,0,1,0,3,1,139400
9742,1Story,8,5,2002,2002,0,1795,0,0,2,0,3,1,230000
4224,1Story,5,7,1976,1976,0,1060,1,0,1,0,3,1,129900
8246,1Story,5,8,1968,2001,0,1060,1,0,1,0,3,1,154000
14230,1Story,8,5,2007,2007,0,1600,0,0,2,0,3,1,256300
7200,1Story,5,7,1951,2000,0,900,0,1,1,0,3,1,134800
11478,1Story,8,5,2007,2008,0,1704,1,0,2,0,3,1,306000
16321,1Story,5,6,1957,1997,0,1600,1,0,1,0,2,1,207500
6324,1Story,4,6,1927,1950,0,520,0,0,1,0,1,1,68500
8500,2Story,4,4,1920,1950,0,1317,0,0,1,0,3,1,40000
8544,1Story,5,6,1966,2006,0,1228,0,0,1,1,3,1,149350
11049,1Story,8,5,2007,2007,0,1234,0,0,2,0,3,1,179900
10552,1Story,5,5,1959,1959,0,1700,0,1,1,1,4,1,165500
7313,1Story,9,5,2005,2005,0,1561,1,0,2,0,2,1,277500
13418,2Story,8,5,2004,2005,0,2452,0,0,3,1,4,1,309000
10859,1Story,5,5,1994,1995,0,1097,0,0,1,1,3,1,145000
8532,1Story,5,6,1954,1990,0,1297,0,1,1,0,3,1,153000
7922,1Story,5,7,1953,2007,0,1057,1,0,1,0,3,1,109000
6040,1Story,4,5,1955,1955,0,1152,0,0,2,0,2,2,82000
8658,1Story,6,5,1965,1965,0,1324,0,0,2,0,3,1,160000
16905,1Story,5,6,1959,1959,0,1328,0,1,1,1,2,1,170000
9180,SFoyer,5,7,1983,1983,0,884,1,0,1,0,2,1,144000
9200,1Story,5,6,1975,1980,0,938,1,0,1,0,3,1,130250
7945,1Story,5,6,1959,1959,0,1150,1,0,1,0,3,1,141000
7658,1Story,9,5,2005,2005,0,1752,1,0,2,0,2,1,319900
12822,1.5Fin,7,5,2003,2003,0,2149,1,0,1,1,1,1,239686
11096,1Story,8,5,2006,2006,0,1656,0,0,2,0,3,1,249700
4456,2Story,4,5,1920,2008,0,1452,0,0,2,0,2,3,113000
7742,1Story,5,7,1966,1966,0,955,1,0,1,0,3,1,127000
13869,2Story,6,6,1997,1997,0,1470,0,1,2,0,3,1,177000
6240,1.5Fin,6,6,1934,1950,360,1176,0,0,1,0,3,1,114500
8472,1Story,5,5,1963,1963,0,816,1,0,1,0,2,1,110000
50271,1Story,9,5,1981,1987,0,1842,2,0,0,1,0,1,385000
7134,SLvl,5,5,1955,1955,0,1360,0,0,1,0,3,1,130000
10175,1Story,6,5,1964,1964,0,1425,0,0,2,0,3,1,180500
2645,2Story,8,5,1999,2000,0,1739,1,0,2,1,3,1,172500
11645,2Story,7,5,2004,2004,0,1720,0,0,2,1,3,1,196500
13682,2Story,10,5,2006,2006,0,2945,0,0,3,1,3,1,438780
7200,1Story,5,7,1972,1972,0,780,0,0,1,0,2,1,124900
13072,1Story,6,5,2004,2004,0,1158,1,0,1,1,3,1,158000
7200,2.5Unf,5,7,1920,1996,0,1111,0,0,1,0,3,1,101000
6442,1Story,8,5,2006,2006,0,1370,0,0,2,0,2,1,202500
10300,2Story,7,6,1921,1950,0,1710,0,0,2,0,3,1,140000
9375,2Story,7,5,1997,1998,0,2034,1,0,2,1,3,1,219500
9591,2Story,8,5,2004,2005,0,2473,0,0,2,1,4,1,317000
19900,1Story,7,5,1970,1989,0,2207,1,0,2,0,3,1,180000
10665,1Story,7,5,2003,2003,0,1479,1,0,2,0,3,1,226000
4608,1Story,4,6,1945,1950,0,747,0,0,1,0,2,1,80000
15593,1.5Fin,7,4,1953,1953,0,2287,0,0,2,0,3,1,225000
13651,1Story,7,6,1973,1973,0,2223,1,0,2,0,3,1,244000
7599,1Story,4,6,1982,2006,0,845,1,0,1,0,2,1,129500
10141,2Story,7,5,1998,1998,0,1718,0,0,2,1,3,1,185000
10200,1Story,5,7,1954,2003,0,1086,1,0,1,0,3,1,144900
5790,2Story,3,6,1915,1950,0,1605,0,0,2,0,3,2,107400
1596,SLvl,4,5,1973,1973,0,988,1,0,1,0,2,1,91000
8475,1Story,4,7,1956,1956,0,952,0,0,1,0,2,1,135750
8635,1.5Fin,5,5,1948,2001,0,1285,1,0,1,0,2,1,127000
10778,1Story,4,5,1968,1968,0,1768,0,0,2,0,4,2,136500
10440,2Story,5,6,1910,1981,0,1230,0,0,1,1,2,1,110000
13000,2Story,6,6,1968,1968,0,2142,0,0,2,1,4,1,193500
4500,1Story,6,5,1998,1998,0,1337,1,0,2,0,2,1,153500
10206,1Story,8,5,2007,2007,0,1563,0,0,2,0,3,1,245000
8892,1Story,5,5,1960,1960,0,1065,0,0,1,1,3,1,126500
8530,SLvl,7,5,1995,1996,0,1474,0,0,2,1,3,1,168500
16059,2Story,8,5,1991,1992,0,2417,0,0,2,1,4,1,260000
11911,2Story,6,5,2005,2005,0,1560,0,0,2,1,3,1,174000
3951,2Story,6,5,2009,2009,0,1224,0,0,2,1,2,1,164500
8470,1.5Fin,3,2,1915,1982,513,1526,0,0,1,0,2,1,85000
8070,1Story,4,5,1994,1995,0,990,1,0,1,0,3,1,123600
7200,1Story,4,5,1950,1950,0,1040,0,0,1,0,2,1,109900
8500,1Story,5,3,1961,1961,0,1235,0,0,1,0,2,1,98600
13360,1Story,5,7,1921,2006,0,964,1,0,1,0,2,1,163500
7200,2.5Unf,6,6,1910,1998,0,2291,0,1,2,0,4,2,133900
9337,2Story,6,5,1997,1997,0,1786,1,0,2,1,3,1,204750
9765,2Story,6,8,1993,1993,0,1470,0,0,2,1,3,1,185000
10264,1Story,7,5,1999,1999,0,1588,0,0,2,0,3,1,214000
10921,1Story,4,5,1965,1965,0,960,1,0,1,0,3,1,94750
10625,1Story,5,5,1920,1950,0,835,0,0,1,0,2,1,83000
9320,1Story,4,5,1959,1959,0,1225,1,0,1,1,3,1,128950
10603,1Story,6,7,1977,2001,0,1610,1,0,2,0,3,1,205000
9206,2Story,6,5,1985,1985,0,1732,0,0,2,1,3,1,178000
7018,1Story,5,5,1979,1979,0,1535,0,0,2,0,4,2,118964
10402,1Story,7,5,2009,2009,0,1226,0,0,2,0,3,1,198900
7758,1.5Fin,7,4,1931,1950,0,1818,0,0,1,1,4,1,169500
9375,2Story,8,5,2003,2004,0,1992,0,0,2,1,3,1,250000
10800,1Story,4,7,1885,1995,0,1047,0,0,1,0,2,1,100000
6000,1Story,5,5,1948,1950,0,789,0,0,1,0,2,1,115000
8500,1.5Fin,5,7,1919,2005,0,1517,0,0,2,0,3,1,115000
11751,1Story,6,6,1977,1977,0,1844,0,0,2,0,3,1,190000
9525,1.5Fin,6,4,1954,1972,0,1855,0,0,2,0,4,1,136900
7750,SLvl,7,5,2000,2000,0,1430,0,0,2,1,3,1,180000
9965,2Story,7,5,2007,2007,0,2696,1,0,2,1,4,1,383970
21000,1Story,6,5,1953,1953,0,2259,1,0,2,0,3,1,217000
7259,2Story,6,8,1945,2002,0,2320,1,0,2,1,3,1,259500
3230,2Story,6,5,1999,1999,0,1458,0,0,2,1,2,1,176000
11616,1Story,5,5,1962,1962,0,1092,0,1,1,0,3,1,139000
8536,1Story,5,5,2006,2007,0,1125,0,0,1,1,2,1,155000
12376,2Story,7,5,1990,1990,0,3222,1,0,3,0,5,1,320000
8461,2Story,6,5,2005,2006,0,1456,0,0,2,1,3,1,163990
21453,SLvl,6,5,1969,1969,0,988,1,0,1,0,1,1,180000
6060,1.5Fin,4,5,1939,1950,0,1123,0,0,1,0,3,1,100000
9464,1Story,6,7,1958,1958,0,1080,0,0,1,0,3,1,136000
7892,1Story,6,5,1993,1993,0,1199,0,0,2,0,2,1,153900
17043,1Story,6,5,1979,1998,0,1586,0,0,2,0,3,1,181000
6780,1.5Fin,6,8,1935,1982,234,754,1,0,1,0,2,1,84500
4928,1Story,6,5,1976,1976,0,958,0,0,2,0,2,1,128000
4388,1.5Unf,5,7,1930,1950,0,840,0,0,1,0,3,1,87000
7590,2Story,6,5,1966,1966,0,1348,0,0,1,1,3,1,155000
8973,1Story,5,7,1958,1991,0,1053,0,1,1,1,3,1,150000
14200,2Story,7,6,1966,1966,0,2157,0,0,2,1,4,1,226000
12224,2Story,6,5,2000,2000,0,2054,1,0,2,1,3,1,244000
7388,1Story,5,6,1959,2002,0,1327,1,0,1,0,3,1,150750
6853,1Story,8,5,2001,2002,0,1296,1,0,2,0,2,1,220000
10335,1Story,5,6,1968,1993,0,1721,0,0,2,1,3,1,180000
10400,1Story,7,6,1970,1970,0,1682,0,0,2,0,3,1,174000
10355,1Story,5,5,1967,1967,0,1214,0,0,2,0,3,1,143000
11070,1Story,7,5,1988,1989,0,1959,0,0,3,0,5,2,171000
9066,2Story,8,5,1999,2000,0,1852,0,0,2,1,3,1,230000
15426,2Story,6,5,1997,1997,0,1764,1,0,2,1,3,1,231500
10500,1Story,4,5,1971,1971,0,864,0,0,1,0,3,1,115000
11645,1Story,7,5,2005,2005,0,1734,1,0,2,0,3,1,260000
8520,1.5Fin,5,4,1952,1952,0,1385,0,0,2,0,4,1,166000
10335,1Story,7,5,1999,1999,0,1501,1,0,2,0,3,1,204000
9100,1Story,5,5,1963,1963,0,1728,1,0,2,0,6,2,125000
2522,2Story,6,5,2004,2006,0,1709,0,0,2,0,3,1,130000
6120,1Story,5,7,1931,1993,0,875,1,0,1,0,2,1,105000
9505,2Story,7,5,2001,2001,0,2035,0,0,2,1,3,1,222500
7500,1Story,7,5,2004,2005,0,1080,1,0,1,0,3,1,141000
6240,1.5Fin,5,4,1936,1950,0,1344,0,0,1,0,3,1,115000
10356,1Story,5,6,1975,1975,0,969,0,0,1,1,3,1,122000
13891,1Story,8,5,2007,2008,0,1710,1,0,2,0,2,1,372402
14803,2Story,6,5,1971,1971,0,1993,0,0,2,1,4,1,190000
13500,1Story,6,7,1960,1975,0,1252,1,0,1,0,1,1,235000
11340,1Story,6,5,1923,1950,0,1200,0,0,1,0,4,1,125000
9600,1.5Fin,6,5,1924,1950,0,1096,0,0,1,0,2,1,79000
7200,1Story,5,7,1950,1950,0,1040,0,0,1,0,2,1,109500
12003,2Story,8,5,2009,2010,0,1968,0,0,2,1,4,1,269500
12552,2Story,7,5,2004,2005,0,1947,0,0,2,1,3,1,254900
19378,2Story,7,5,2005,2006,0,2462,1,0,2,1,4,1,320000
11120,1Story,6,6,1984,1984,0,1232,0,0,2,0,3,1,162500
13688,2Story,9,5,2003,2004,0,2668,1,0,2,1,3,1,412500
12182,1Story,7,5,2005,2005,0,1541,0,0,2,0,3,1,220000
5500,1.5Unf,4,6,1956,1956,0,882,0,0,1,0,1,1,103200
5400,1Story,6,7,1926,2004,0,1616,0,0,2,0,3,1,152000
10106,1.5Fin,5,7,1940,1999,0,1355,1,0,2,0,4,2,127500
10708,1Story,5,5,1955,1993,0,1867,1,0,1,0,2,1,190000
10562,2Story,8,5,2007,2007,0,2161,1,0,1,1,3,1,325624
8244,2Story,7,5,2004,2004,0,1720,0,0,2,1,3,1,183500
16669,1Story,8,6,1981,1981,0,1707,0,0,2,1,2,1,228000
12358,1.5Fin,5,6,1941,1950,528,1382,0,0,1,1,2,1,128500
31770,1Story,6,5,1960,1960,0,1656,1,0,1,0,3,1,215000
5306,2Story,7,7,1987,1987,0,1767,1,0,2,0,2,1,239000
10197,1Story,6,5,1961,1961,0,1362,1,0,1,1,3,1,163000
12416,1Story,6,5,1986,1986,0,1651,1,0,2,0,3,1,184000
12615,1Story,6,7,1950,2001,0,2158,1,0,2,0,4,1,243000
10029,2Story,6,5,1988,1989,0,2060,0,1,2,1,4,1,211000
13650,1.5Fin,5,5,1958,1958,0,1920,1,0,2,0,4,1,172500
17423,1Story,9,5,2008,2009,0,2234,1,0,2,0,1,1,501837
8520,1Story,5,6,1923,2006,0,968,0,0,1,0,2,1,100000
2117,2Story,6,5,2000,2000,0,1525,0,0,2,1,3,1,177000
7588,2Story,7,6,1920,1950,0,1802,0,0,1,1,4,1,200100
9060,1Story,5,6,1957,2006,0,1340,0,0,1,0,3,1,120000
11426,1.5Fin,7,5,2003,2003,0,2082,0,0,2,1,3,1,200000
7438,1.5Fin,5,8,1908,1991,0,1252,0,0,1,0,3,1,127000
22950,2.5Fin,10,9,1892,1993,572,3608,0,0,2,1,4,1,475000
9947,SLvl,7,5,1990,1991,0,1217,1,0,2,0,3,1,173000
10410,1.5Fin,5,7,1916,1987,144,1656,0,0,2,1,3,1,135000
7018,SFoyer,5,5,1979,1979,0,1224,2,0,0,2,2,2,153337
4923,1Story,8,5,2001,2002,0,1593,1,0,1,1,0,1,286000
10570,2Story,8,8,1932,1994,0,2727,0,0,2,1,3,1,315000
7472,2Story,7,9,1972,2004,0,1479,1,0,1,1,4,1,184000
9017,1Story,7,5,1999,1999,0,1431,1,0,2,0,3,1,192000
2522,2Story,7,5,2004,2004,0,1709,0,0,2,0,3,1,130000
7180,1Story,5,7,1972,1972,0,864,0,0,1,0,3,1,127000
2280,2Story,6,6,1976,1976,0,1456,0,0,2,1,3,1,148500
9416,1Story,7,5,2007,2007,0,1726,1,0,2,0,3,1,311872
25419,2Story,8,4,1918,1990,392,3112,1,1,2,0,4,1,235000
5520,2.5Fin,6,6,1912,1950,371,2229,0,0,1,0,5,1,104000
9591,1Story,8,5,2004,2005,0,1713,1,0,2,0,3,1,274900
8546,1Story,4,5,2003,2004,0,1121,0,0,2,0,2,1,140000
10125,1Story,6,6,1977,1977,0,1279,0,1,2,0,3,1,171500
7000,1.5Fin,6,6,1924,1950,0,1310,0,0,2,0,2,1,112000
4438,1Story,6,5,2004,2004,0,848,1,0,1,0,1,1,149000
3500,1.5Fin,5,7,1947,1950,0,1284,0,0,1,1,2,1,110000
11851,1Story,7,5,1990,1990,0,1442,0,0,2,0,3,1,180500
13673,1Story,5,5,1962,1962,0,1696,0,0,1,1,3,1,143900
12493,1Story,4,5,1960,1960,0,1100,1,0,1,0,3,1,141000
14364,2Story,7,5,1988,1989,0,2062,1,0,2,1,3,1,277000
8250,1Story,6,7,1964,1964,0,1092,1,0,1,0,3,1,145000
5604,1Story,5,6,1925,1950,0,864,1,0,1,0,2,1,98000
10420,1Story,6,5,2009,2009,0,1212,0,0,2,0,3,1,186000
8640,2Story,7,5,2009,2009,0,1852,1,0,2,1,3,1,252678
13568,1Story,5,5,1995,1995,0,990,0,1,1,0,3,1,156000
10900,2Story,6,7,1977,1977,0,1392,0,0,1,1,3,1,161750
10011,1Story,5,6,1957,1996,0,1236,0,1,1,0,2,1,134450
8450,1Story,7,5,2004,2004,0,1436,1,0,2,0,3,1,210000
9906,2Story,4,4,1925,1950,0,1328,0,0,1,0,3,1,107000
15660,1.5Fin,7,9,1939,2006,0,1954,0,1,1,1,3,1,311500
3010,1Story,7,5,2005,2006,0,1248,0,0,2,0,2,1,167240
8990,1Story,7,5,2006,2006,0,1498,0,0,2,0,2,1,204900
8068,2Story,6,5,2002,2002,0,2267,0,0,2,1,4,1,200000
11475,2Story,6,6,1975,1975,0,1552,1,0,2,1,3,1,179900
10500,1Story,4,6,1971,1971,0,864,0,0,1,0,2,1,97000
13472,1Story,10,5,2003,2003,0,2392,0,0,2,0,3,1,386250
1680,2Story,5,5,1971,1971,0,1302,0,0,2,1,3,1,112000
9950,2Story,7,5,1995,1995,0,2520,0,0,2,1,4,1,290000
1869,2Story,6,6,1970,1970,0,987,0,0,1,1,2,1,106000
8521,1Story,5,5,1967,1967,0,912,0,0,1,0,3,1,125000
3182,1Story,7,5,2005,2006,0,1555,0,0,2,0,2,1,192500
8760,1Story,6,6,1959,1959,0,1194,1,0,1,0,3,1,148000
15138,2Story,8,5,1995,1996,0,2794,1,0,2,1,4,1,403000
1680,2Story,6,5,1972,1972,0,987,0,0,1,1,2,1,94500
10650,1Story,5,6,1976,1976,0,894,1,0,1,0,3,1,128200
7851,2Story,6,5,2002,2002,0,1960,1,0,2,1,4,1,216500
1680,2Story,6,3,1971,1971,0,987,0,0,1,1,2,1,89500
8773,1Story,7,5,2004,2004,0,1414,0,0,2,0,3,1,185500
9453,2Story,7,7,1993,2003,0,1744,0,0,2,1,3,1,194500
12030,1Story,8,5,2007,2007,0,1694,0,0,2,0,3,1,318000
8741,1.5Fin,6,4,1945,1950,0,1487,0,0,1,1,3,1,113000
9000,1Story,8,5,2008,2008,0,1566,1,0,2,0,3,1,262500
3880,1Story,5,9,1945,1997,0,866,0,0,1,0,2,1,110500
5000,1.5Fin,5,4,1900,1950,0,1440,0,0,1,0,3,1,79000
10762,2Story,6,6,1980,1980,0,1217,0,0,1,1,3,1,120000
8880,2Story,7,5,1994,2002,0,2110,1,0,2,1,3,1,205000
10400,1Story,7,5,1988,1988,0,1872,0,1,2,0,3,1,241500
9142,2Story,6,8,1910,1950,0,1928,0,0,2,0,4,2,137000
11310,1Story,6,5,1954,1954,0,1375,0,0,1,0,2,1,140000
11317,2Story,7,5,2003,2003,0,1668,0,0,2,1,3,1,180000
159000,1.5Fin,6,7,1958,2006,0,2144,0,1,2,0,4,1,277000
5350,1Story,3,2,1940,1966,0,1306,0,0,1,0,3,1,76500
4750,1Story,8,5,2006,2007,0,1625,1,1,2,0,2,1,235000
8366,2Story,6,5,2004,2004,0,1640,0,0,2,1,3,1,173000
9350,SLvl,6,7,1964,1991,0,1302,0,1,2,0,3,1,158000
8400,1Story,5,6,1957,1957,0,1314,1,0,1,0,3,1,145000
8738,2Story,7,5,1999,1999,0,2291,0,0,2,1,4,1,230000
8791,2Story,6,5,2003,2003,0,1728,0,0,2,1,3,1,207500
8814,1Story,7,5,2006,2006,0,1604,1,0,2,1,3,1,220000
12435,2Story,7,5,2001,2001,0,1792,0,0,2,1,3,1,231500
12702,1Story,5,5,1956,1956,0,882,0,0,1,0,2,1,97000
19296,SLvl,6,5,1962,1962,0,1382,1,0,1,0,3,1,176000
9588,2Story,8,5,2007,2007,0,2574,0,0,2,1,3,1,276000
8471,SLvl,6,7,1977,1995,0,1212,1,0,1,0,3,1,151000
5500,1.5Fin,5,7,1929,2001,390,1316,1,0,1,0,3,1,130000
5232,1Story,5,5,1925,2004,0,764,0,0,1,0,2,1,73000
12090,1Story,6,6,1981,1981,0,1422,0,0,2,0,3,1,175500
11207,2Story,6,5,1997,1997,0,1511,1,0,2,1,3,1,185000
8400,2.5Fin,5,8,1939,1997,420,2192,0,0,2,1,4,1,179500
6900,1Story,5,6,1940,1955,0,778,0,0,1,0,2,1,120500
7917,1Story,6,7,1976,1976,0,1113,1,0,1,1,3,1,148000
10728,2Story,8,5,2006,2006,0,1939,0,0,2,1,3,1,266000
39104,1Story,7,7,1954,2005,0,1363,1,0,1,0,2,1,241500
11764,2Story,8,7,1999,2007,0,2270,0,0,2,1,4,1,290000
9600,1Story,6,6,1958,1988,0,1632,1,0,2,0,3,1,139000
8314,1Story,5,7,1982,1982,0,816,0,0,1,0,2,1,124500
7264,1.5Fin,7,7,1925,2007,0,1548,0,0,2,1,3,1,205000
9196,1Story,7,5,2003,2003,0,1560,0,0,2,0,3,1,201000
19138,1Story,4,5,1951,1951,0,864,0,0,1,0,2,1,141000
14450,1Story,9,5,2006,2007,0,2121,0,0,2,1,3,1,415298
10005,2Story,7,5,1977,1977,0,2022,0,0,2,1,4,1,192000
11287,2Story,7,6,1989,1989,0,1982,0,0,2,1,3,1,228500
7200,1Story,6,5,2006,2006,0,1262,0,0,2,0,2,1,185000
5063,1Story,7,5,2007,2008,0,1314,1,0,2,0,2,1,207500
9612,1Story,8,5,2008,2009,0,1468,0,0,2,0,3,1,244600
8012,1Story,6,5,1992,1992,0,1575,1,0,2,0,2,1,179200
4251,2Story,7,5,2006,2007,0,1250,0,0,2,1,2,1,164700
9786,1.5Fin,6,7,1962,1981,0,1734,0,0,1,1,3,1,159000
8125,1Story,4,4,1971,1971,0,858,0,0,1,0,3,1,88000
9819,1Story,5,5,1967,1967,0,900,0,0,1,0,3,1,122000
8730,2Story,6,7,1915,2003,0,1396,0,0,1,0,3,1,153575
15611,2Story,8,5,2006,2006,0,1919,0,0,2,1,3,1,233230
5687,2Story,5,6,1912,2000,0,1716,1,0,2,0,6,1,135900
11409,1.5Fin,5,4,1949,2008,0,1716,0,0,1,1,3,1,131000
16659,2Story,7,7,1977,1994,0,2263,1,0,2,1,3,1,235000
9600,1Story,6,5,1953,1953,0,1644,1,0,1,0,3,1,167000
7937,SLvl,6,6,1984,1984,0,1003,1,0,1,0,3,1,142500
13710,1.5Fin,5,5,1950,1950,0,1558,0,0,1,1,4,1,152000
7399,2Story,7,5,1997,1998,0,1950,0,0,2,1,3,1,239000
11700,2Story,6,6,1968,1968,0,1743,0,1,1,2,3,1,175000
14000,1Story,6,8,1950,2004,0,1152,0,1,1,0,3,1,158500
15750,1Story,5,5,1953,1953,0,1336,1,0,1,0,2,1,157000
16226,2Story,8,5,1998,1999,0,2452,0,0,2,1,4,1,267000
13704,1Story,7,5,2001,2002,0,1541,0,0,2,0,3,1,205000
9800,1Story,5,7,1972,1972,0,894,1,0,1,0,3,1,149900
18386,2.5Fin,7,9,1880,2002,0,3493,0,0,3,0,3,1,295000
10386,1Story,8,5,2004,2005,0,2000,1,0,2,0,3,1,305900
13474,2Story,7,5,1990,1991,0,2243,1,0,2,1,4,1,225000
7920,1.5Fin,6,7,1920,1950,0,1406,0,0,1,0,3,1,89500
12342,1Story,4,5,1940,1950,0,861,0,0,1,0,1,1,82500
12378,1Story,9,5,2003,2004,0,1944,1,0,2,0,3,1,360000
7685,2Story,6,5,1993,1994,0,1501,0,0,2,1,3,1,165600
8000,1Story,6,6,1948,2002,0,972,1,0,1,0,2,1,132000
7800,1.5Fin,5,7,1939,1950,0,1118,1,0,1,0,3,1,119900
215245,1Story,7,5,1965,1965,0,2036,2,0,2,0,3,1,375000
9600,2Story,7,7,1925,1990,0,1641,0,1,1,1,3,1,178000
7795,2Story,7,5,2004,2005,0,1432,1,0,2,1,3,1,188500
13005,2Story,7,7,1980,1980,0,2353,1,0,2,1,4,1,260000
9000,2Story,8,5,2006,2006,0,1959,0,0,2,1,3,1,270000
9900,2Story,7,5,1993,1993,0,2646,1,0,2,1,4,1,260000
14115,SLvl,7,5,1980,1980,0,1472,1,0,2,0,3,1,187500
16259,2Story,9,5,2006,2006,0,2596,0,0,3,1,4,1,342643
12099,2Story,8,5,2004,2004,0,2468,1,0,2,1,4,1,354000
10380,2Story,7,5,1986,1987,0,2730,1,0,2,1,4,1,301000
5820,1Story,3,8,1955,2005,0,1163,1,0,1,0,3,1,126175
11275,SLvl,7,7,1967,2007,0,2978,0,0,2,1,5,1,242000
5000,1.5Unf,5,6,1941,1950,0,803,0,0,1,0,2,1,87000
10846,1Story,8,5,1993,1993,0,1719,2,0,1,1,1,1,324000
11600,1Story,6,5,1960,1960,0,1383,0,0,1,1,3,1,145250
11888,2.5Unf,6,6,1916,1994,0,2134,0,0,2,0,5,1,214500
6402,2Story,5,5,1920,1950,0,1192,0,0,1,0,3,1,78000
10624,1Story,5,4,1964,1964,0,1728,0,1,2,0,6,2,119000
8176,1Story,5,6,1958,1992,0,1056,1,0,1,0,3,1,139000
10655,1Story,8,5,2003,2004,0,1629,1,0,2,0,3,1,284000
8198,1Story,7,5,2004,2004,0,1358,1,0,2,0,2,1,207000
9042,2Story,6,5,1998,1998,0,1638,1,0,2,1,3,1,192000
164660,1.5Fin,5,6,1965,1965,0,1786,2,0,2,0,3,1,228950
14157,1Story,9,5,2005,2006,0,1922,1,0,2,0,3,1,377426
9135,1Story,7,5,2002,2003,0,1536,1,0,2,0,3,1,214000
14145,1Story,7,7,1984,1998,0,1621,1,0,2,0,3,1,202500
12400,1Story,6,7,1958,1998,0,1215,0,0,1,0,3,1,155000
14191,2Story,8,5,2002,2002,0,1908,0,0,2,1,4,1,202900
8400,1Story,4,4,1950,1950,0,841,0,0,1,0,2,1,82000
8544,1Story,3,4,1949,1950,0,1040,0,0,2,0,2,2,87500
8849,1Story,9,5,2005,2005,0,1684,0,0,2,0,2,1,266000
2592,2Story,5,3,1976,1976,0,1112,0,0,1,1,3,1,85000
6435,1.5Fin,6,5,1939,1950,0,1577,0,0,1,0,3,1,140200
12772,1Story,6,8,1960,1998,0,958,0,0,1,0,2,1,151500
17600,1Story,6,5,1960,1960,0,1478,1,0,2,0,3,1,157500
2448,2Story,7,5,2003,2004,0,1626,1,0,2,1,2,1,154000
20431,2Story,9,5,2005,2006,0,2728,1,0,2,1,4,1,437154
7820,1Story,9,5,2007,2007,0,1869,0,0,2,0,2,1,318061
5271,1Story,7,5,1986,1986,0,1453,1,0,1,1,2,1,190000
9084,1.5Fin,5,6,1941,1950,0,1111,0,1,1,0,3,1,95000
8520,1Story,6,8,1928,2003,0,720,0,0,1,0,2,1,105900
8400,1.5Fin,6,5,1940,2000,0,1595,0,0,1,0,2,1,140000
11249,1Story,6,5,1995,1995,0,1200,1,0,2,0,3,1,177500
9248,1Story,6,6,1992,1992,0,1167,1,0,2,0,3,1,173000
4224,1Story,5,5,1976,1976,0,1142,1,0,1,1,3,1,134000
6930,SLvl,5,4,1958,1958,0,1352,0,1,1,0,3,1,130000
12011,2Story,8,5,1998,1998,0,1924,1,0,2,1,3,1,280000
7540,SFoyer,6,6,1978,1978,0,912,1,0,1,0,2,1,156000
9144,1.5Fin,5,5,1940,1982,0,1505,1,0,1,0,3,1,145000
7301,SFoyer,7,5,2003,2003,0,1922,0,0,3,0,4,1,198500
1680,2Story,6,8,1972,2007,0,987,0,0,1,1,2,1,118000
18800,2Story,6,5,1976,1976,0,1574,1,0,2,1,3,1,190000
10690,2Story,5,7,1920,1997,0,1344,0,0,1,0,3,1,147000
9500,1Story,6,5,1963,1963,0,1394,1,0,1,1,3,1,159000
9150,SLvl,6,5,1962,1962,0,1431,0,1,1,0,3,1,165000
7800,1Story,5,6,1954,1954,0,1268,0,0,1,0,2,1,132000
9830,1Story,5,7,1959,2006,0,1287,1,0,1,0,3,1,162000
8121,2Story,6,5,2000,2000,0,1664,0,0,2,1,3,1,172400
17120,1.5Fin,4,4,1959,1959,0,1588,0,0,2,0,4,1,134432
7175,1Story,6,5,1984,1984,0,752,1,0,1,0,2,1,125000
10634,1Story,5,6,1953,1953,0,1319,1,0,1,0,3,1,123000
8200,2Story,7,5,2003,2004,0,1928,0,0,2,1,4,1,219500
10020,1Story,1,1,1922,1950,0,904,1,0,0,1,1,1,61000
8846,SFoyer,5,5,1996,1996,0,914,0,0,1,0,2,1,148000
11143,2Story,8,5,2004,2005,0,2466,0,0,3,0,4,1,340000
11394,1Story,9,2,2010,2010,0,1856,1,0,1,1,1,1,394432
8123,2Story,6,5,2000,2000,0,1800,0,0,2,1,3,1,179000
5000,1.5Fin,5,6,1924,1950,0,1691,0,0,2,0,3,1,127000
7200,1Story,7,5,2006,2006,0,1301,1,0,2,0,2,1,187750
9245,2Story,7,5,2006,2006,0,1797,0,0,2,1,3,1,213500
9000,1.5Unf,6,3,1928,1950,0,784,0,0,1,0,2,1,76000
53107,2Story,6,5,1992,1992,0,1953,1,0,2,1,3,1,240000
3182,1Story,8,5,2004,2005,0,1269,0,0,2,0,2,1,192000
8410,1.5Fin,5,3,1910,1996,0,1184,0,0,1,0,5,1,81000
7200,SLvl,6,6,1976,1976,0,1125,1,0,1,0,3,1,125000
9382,1Story,7,5,1999,2000,0,1479,0,0,2,0,3,1,191000
12474,2Story,10,5,2007,2008,0,2332,1,0,2,1,3,1,426000
8405,1.5Fin,5,8,1900,1950,0,1367,1,0,1,0,4,1,119000
12209,2Story,6,5,2001,2002,0,1961,1,0,2,1,3,1,215000
8339,1Story,5,7,1959,1959,0,882,0,0,1,0,3,1,106500
7446,1Story,4,5,1941,1950,0,788,0,0,1,0,2,1,100000
10134,1.5Fin,5,6,1940,1950,0,1034,0,0,1,0,2,1,109000
9571,1Story,5,6,1956,1956,0,1144,1,0,1,0,3,1,129000
7200,1Story,5,5,1972,1972,0,894,0,0,1,0,2,1,123000
7590,2Story,5,5,1962,1962,0,1812,0,0,2,0,4,1,169500
8967,1Story,5,2,1920,1950,0,1077,0,0,1,0,2,1,67000
8125,2Story,7,5,2006,2007,0,1550,1,0,2,0,2,1,241000
14963,1Story,8,5,1996,1996,0,1288,1,0,1,1,1,1,245500
8767,1Story,7,5,2005,2005,0,1310,0,0,2,0,3,1,164990
10200,1Story,5,8,1940,1997,0,672,0,0,1,0,2,1,108000
12090,2Story,8,5,1998,1998,0,2263,0,0,2,1,4,1,258000
10364,2Story,6,5,1995,1996,0,1572,0,0,2,1,3,1,168000
9991,1Story,4,4,1976,1993,0,1620,1,0,2,0,3,1,150000
10480,1.5Fin,6,5,1936,1950,473,1639,0,0,1,0,3,1,115000
15576,2Story,6,7,1915,1976,0,1680,0,0,2,0,4,1,177000
14154,2Story,7,5,2006,2006,0,2172,0,0,2,1,3,1,280000
10800,2Story,8,5,2007,2008,0,2078,1,0,2,1,3,1,339750
9571,1Story,5,3,1958,1958,0,1276,0,0,1,0,3,1,60000
34650,1Story,5,5,1955,1955,0,1056,1,0,1,0,3,1,145000
4403,1Story,7,5,2009,2009,0,1478,1,0,2,1,2,1,222000
8960,1Story,5,6,1927,1950,0,1028,0,0,1,0,2,1,115000
11228,2Story,7,5,1993,1993,0,2097,0,1,2,1,3,1,228000
8899,1Story,7,5,2007,2007,0,1340,0,0,2,0,3,1,181134
7844,2Story,6,7,1978,1978,0,1400,0,0,1,1,3,1,149500
22420,2Story,6,6,1918,1950,0,2624,1,0,2,1,4,1,239000
8160,1.5Fin,5,6,1940,1950,0,1134,1,0,1,1,3,1,126000
8450,1Story,5,6,1968,1968,0,1056,1,0,1,0,3,1,142000
7060,SFoyer,7,5,1997,1998,0,1344,2,0,2,0,2,2,206300
16635,1Story,6,7,1977,2000,0,1602,0,1,2,0,3,1,215000
21750,1Story,5,5,1954,1954,0,988,0,0,1,0,2,1,113000
9200,2Story,8,5,1998,1998,0,2630,1,0,2,1,4,1,315000
9000,1Story,6,5,1956,1956,0,1196,1,0,1,0,2,1,139000
3378,2Story,7,8,1946,1992,0,1389,0,0,1,1,3,1,135000
12800,SLvl,7,5,1989,1989,0,1644,1,1,2,0,2,1,275000
8593,1Story,4,6,1957,1957,0,907,0,0,1,0,3,1,109008
6762,1Story,7,5,2007,2007,0,1208,1,0,2,0,2,1,195400
11457,1Story,6,5,1988,1988,0,1412,1,0,2,0,3,1,175000
1680,2Story,6,5,1971,1971,0,987,0,0,1,1,2,1,85400
5586,1.5Fin,6,7,1920,1998,0,1198,0,0,1,0,4,1,79900
1920,2Story,5,5,1971,1971,0,1365,1,0,1,1,2,1,122500
10839,2Story,6,5,1997,1998,0,1604,0,0,2,1,3,1,181000
1890,SFoyer,4,7,1972,1972,0,630,1,0,1,0,1,1,81000
10667,2Story,7,6,1996,1996,0,1661,1,0,2,1,3,1,212000
4400,1.5Fin,6,8,1920,1950,0,1118,0,0,1,0,2,1,116000
6000,1.5Unf,6,7,1926,2004,0,904,0,0,1,0,2,1,119000
4280,1Story,5,6,1913,2002,0,694,0,0,1,0,2,1,90350
12354,1.5Fin,6,8,1920,2000,0,1196,0,0,1,0,3,1,110000
15431,1Story,10,5,2008,2008,0,2402,1,0,2,0,2,1,555000
12108,1Story,4,4,1955,1955,0,1440,0,0,2,0,4,2,118000
6240,1.5Fin,5,7,1930,1992,0,1573,0,0,2,0,3,1,162900
3922,1Story,7,5,2006,2007,0,1258,0,0,2,0,2,1,172500
8750,2Story,7,5,1994,1995,0,1908,1,0,2,1,4,1,210000
9855,1Story,6,5,1956,1956,0,1689,0,0,1,0,3,1,127500
16492,1Story,6,6,1966,2002,0,1888,0,0,2,1,2,1,190000
11214,2Story,7,5,1998,1999,0,1886,0,0,2,1,4,1,199900
8600,1.5Fin,6,6,1937,1950,0,1376,0,0,2,0,3,1,119500
6000,1.5Fin,3,7,1948,2002,0,1183,0,0,1,1,2,1,120000
5684,1Story,6,8,1930,2005,0,813,0,0,1,0,2,1,110000
70761,1Story,7,5,1975,1975,0,1533,1,0,2,0,2,1,280000
9303,2Story,6,5,1996,1997,0,1756,1,0,2,1,3,1,204000
9000,2Story,8,5,2008,2008,0,1590,0,0,2,1,3,1,210000
9297,1Story,5,5,1976,1976,0,1728,2,0,2,0,4,2,188000
9600,1Story,7,6,1973,1973,0,1242,0,0,1,1,3,1,175500
4571,2Story,5,5,1916,1950,0,1344,0,0,1,0,4,1,98000
53227,1Story,4,6,1954,1994,0,1663,1,0,1,0,2,1,256000
5100,2Story,8,7,1925,1996,0,1666,0,0,1,0,3,1,161000
7015,1.5Fin,5,4,1950,1950,0,1203,1,0,1,0,3,1,110000
8004,2Story,8,5,2009,2009,0,1935,1,0,2,1,3,1,263435
7200,2Story,7,9,1936,2007,0,1135,1,0,1,0,3,1,155000
8281,1Story,5,5,1965,1965,0,864,0,0,1,0,3,1,62383
11988,2Story,6,7,1934,1995,0,1660,0,0,1,1,3,1,188700
8430,1Story,5,5,1978,1978,0,1040,0,0,2,0,3,1,124000
3072,1Story,7,5,2004,2004,0,1414,0,0,2,0,2,1,178740
10628,1Story,7,5,1970,1970,0,1277,1,0,1,0,2,1,167000
9480,2Story,5,7,1942,1995,0,1644,0,0,1,1,3,1,146500
11428,1Story,8,5,2006,2006,0,1634,0,0,2,0,3,1,250000
9291,2Story,6,5,1993,1993,0,1710,0,0,2,1,3,1,187000
6820,1Story,8,5,1985,1985,0,1502,1,0,1,1,1,1,212000
11952,2Story,7,6,1977,1977,0,1969,0,0,2,1,3,1,190000
3675,SLvl,6,5,2005,2005,0,1072,1,0,1,0,2,1,148000
14977,1Story,8,5,2006,2007,0,1976,1,0,2,0,2,1,440000
5330,1Story,8,5,2000,2000,0,1652,1,0,2,0,2,1,251000
8480,1Story,5,6,1963,1963,0,970,1,0,1,0,2,1,132500
13125,1Story,6,5,1997,1998,0,1493,1,0,2,0,3,1,208900
13693,2Story,9,5,2006,2006,0,2643,0,0,2,1,3,1,380000
10637,1Story,8,5,2007,2008,0,1718,1,0,2,0,3,1,297000
5925,1Story,4,7,1937,2000,0,1131,0,0,1,0,2,1,89471
16033,1Story,9,5,2004,2005,0,1850,1,0,2,0,3,1,326000
11846,1Story,9,5,2003,2004,0,1792,1,0,2,0,2,1,374000
2500,2Story,7,8,1915,2005,0,1826,1,0,1,1,4,1,155000
4500,1Story,6,5,1998,1998,0,1216,1,0,2,0,2,1,164000
7758,1Story,5,7,1962,2001,0,999,1,0,1,0,3,1,132500
9600,1Story,5,7,1950,2007,0,1113,0,0,1,0,3,1,147000
10289,1Story,5,7,1965,1965,0,1073,1,0,1,1,3,1,156000
12243,1Story,5,6,1971,1971,0,1484,0,0,2,0,3,1,175000
10800,1.5Fin,5,4,1900,1970,0,2414,0,0,2,0,3,2,160000
1526,SFoyer,4,8,1970,2002,0,630,1,0,1,0,1,1,86000
2665,2Story,5,6,1976,1976,0,1304,0,0,1,1,3,1,115000
9490,1.5Fin,6,7,1941,1950,0,1578,1,0,1,0,3,1,133000
15578,2Story,6,5,2006,2006,0,1456,0,0,2,1,3,1,172785
7931,1Story,5,6,1960,1960,0,1269,0,0,1,1,3,1,155000
5784,1Story,5,8,1938,1996,0,886,0,0,1,0,2,1,91300
7879,1Story,4,5,1920,1950,0,720,0,0,1,0,2,1,34900
12692,1Story,8,5,1992,1993,0,3228,1,0,3,0,4,1,430000
9120,1.5Fin,7,6,1925,1950,0,1820,1,0,2,0,4,1,184000
7800,1Story,5,7,1967,2004,0,899,0,0,1,0,3,1,130000
7535,1Story,5,7,1958,1985,0,912,0,1,1,0,2,1,120000
1890,2Story,6,5,1973,1973,0,1218,0,0,1,1,3,1,113000
9803,2Story,7,5,2005,2005,0,1768,0,0,2,1,3,1,226700
9170,1Story,5,7,1965,1965,0,1214,1,0,1,0,2,1,140000
15602,1Story,7,8,1959,1997,0,1801,1,0,2,0,1,1,289000
2308,2Story,6,5,1974,1974,0,1322,0,1,2,1,3,1,147000
7596,2Story,5,5,1952,1952,0,1960,0,0,2,0,4,2,124500
9554,2Story,8,5,1993,1994,0,1911,0,0,2,1,3,1,215000
7862,1Story,6,5,2009,2009,0,1218,0,0,2,0,2,1,208300
9600,2Story,7,9,1928,2005,0,1378,0,0,2,0,3,1,161000
9600,1Story,5,6,1959,1959,0,1041,1,0,1,0,3,1,124500
14559,1Story,5,7,1951,2000,0,1363,1,0,1,0,2,1,164900
6792,1Story,7,5,2005,2006,0,1368,0,0,2,0,2,1,202665
9100,1Story,5,5,1958,1958,0,864,1,0,1,0,3,1,129900
9187,1Story,6,5,1983,1983,0,1080,0,0,1,1,3,1,134000
10594,1.5Unf,5,5,1926,1950,0,789,0,0,1,0,2,1,96500
12220,1Story,10,5,2009,2009,0,2020,1,0,2,1,3,1,402861
10448,SLvl,6,6,1972,1972,0,2119,0,0,2,1,3,1,158000
10208,2Story,7,5,1996,1997,0,2344,0,0,2,1,3,1,265000
9531,2Story,6,5,1998,1998,0,1796,1,0,2,1,3,1,211000
10918,2Story,7,9,1926,2004,0,2080,0,0,1,1,3,1,234000
10800,2Story,4,7,1900,2000,0,1294,0,0,2,0,3,2,106250
11988,1Story,6,6,1957,1957,0,1244,0,0,1,1,3,1,150000
5000,1.5Fin,6,7,1947,1950,0,1664,0,0,2,0,3,1,159000
40094,2Story,10,5,2007,2008,0,4676,1,0,3,1,3,1,184750
11787,2Story,7,5,1996,1997,0,2398,1,0,2,1,3,1,315750
7500,1Story,7,5,2005,2005,0,1266,0,0,2,0,3,1,176000
13300,1Story,5,7,1956,2000,0,928,0,0,1,0,2,1,132000
14948,2Story,9,5,2008,2008,0,2713,1,0,2,1,3,1,446261
9098,1Story,4,7,1920,2002,0,605,1,0,1,0,2,1,86000
32668,1Story,6,3,1957,1975,0,2515,1,0,3,0,4,2,200624
10200,SLvl,6,5,1988,1989,0,1509,1,0,2,0,3,1,175000
6155,2Story,6,8,1920,1999,0,1362,0,0,2,0,3,1,128000
7200,1Story,5,7,1955,2007,0,827,0,0,1,0,2,1,107500
5000,1Story,1,3,1946,1950,0,334,0,0,1,0,1,1,39300
9056,2Story,8,5,2004,2004,0,1414,0,0,2,1,3,1,178000
7000,2Story,5,7,1910,1991,0,1347,1,0,1,0,3,1,107500
8924,2Story,7,5,1998,1999,0,1724,0,0,2,1,3,1,188000
12735,1Story,4,5,1972,1972,0,864,0,0,1,0,3,1,111250
11553,1Story,5,5,1968,1968,0,1159,0,0,1,1,3,1,158000
11423,1Story,8,5,2001,2002,0,1601,1,0,2,0,3,1,272000
14601,1Story,9,5,2006,2006,0,1838,1,0,2,0,2,1,315000
11000,2Story,8,5,2000,2000,0,2285,0,0,2,1,4,1,248000
10140,1Story,7,5,1998,1999,0,1680,1,0,2,0,3,1,213250
4058,SFoyer,7,5,1998,1998,0,767,1,0,1,0,1,1,133000
17104,2Story,7,5,2006,2006,0,1496,1,0,2,1,3,1,179665
13837,1.5Fin,7,5,1988,1988,0,2183,0,0,2,1,4,1,229000
8737,1.5Fin,6,7,1923,1950,0,1635,0,0,1,1,3,1,210000
7244,SFoyer,5,7,1970,1970,0,768,1,0,1,0,2,1,129500
8235,1Story,5,7,1955,1995,0,825,1,0,1,0,2,1,125000
9375,2Story,7,5,2003,2004,0,2094,0,0,2,1,4,1,263000
4043,1Story,6,6,1977,1977,0,1069,0,0,2,0,2,1,140000
6000,1Story,5,6,1957,1957,0,928,0,0,1,0,3,1,112500
11146,1Story,8,5,2006,2006,0,1717,0,0,2,0,3,1,255500
8777,1Story,4,5,1949,2003,0,1126,0,0,2,0,2,1,108000
10625,2Story,7,5,2003,2004,0,2046,1,0,2,1,3,1,284000
6380,1.5Unf,5,6,1922,1950,0,1048,0,0,1,0,2,1,113000
14850,1Story,5,5,1957,1957,0,1092,1,0,1,0,2,1,141000
11040,1.5Fin,4,6,1920,1950,0,1336,0,0,1,1,3,1,108000
21872,2Story,7,5,1996,1997,0,1446,0,1,2,1,3,1,175000
3196,1Story,7,5,2003,2004,0,1557,0,0,2,0,2,1,234000
11341,1Story,5,6,1957,1996,0,1392,1,0,1,1,3,1,121500
10010,1Story,5,5,1974,1975,0,1389,1,0,1,0,2,1,170000
13907,1Story,5,6,1940,1969,0,996,1,0,1,0,3,1,108000
21780,1.5Fin,6,7,1918,1950,0,1674,0,0,2,0,4,1,185000
13346,2Story,7,5,1992,2000,0,2295,1,0,2,1,4,1,268000
6858,2Story,6,4,1915,1950,0,1647,1,0,1,1,4,1,128000
11198,2Story,9,5,2005,2007,0,2504,0,0,2,1,4,1,325000
10171,1Story,7,5,2004,2004,0,1535,0,0,2,0,3,1,214000
12327,1.5Fin,8,8,1983,2009,0,2132,1,0,1,1,1,1,316600
7032,SFoyer,5,5,1979,1979,0,943,1,0,1,0,2,1,135960
13101,1Story,5,5,1965,1965,0,1728,0,0,2,0,6,2,142600
7332,1Story,6,6,1959,1959,0,864,1,0,1,0,2,1,120000
13159,2Story,7,5,2009,2009,0,1692,0,0,2,1,3,1,224500
9967,SLvl,7,5,2000,2000,0,1430,0,0,2,1,3,1,170000
10500,SLvl,5,7,1971,2005,0,1109,0,1,1,0,3,1,139000
8480,1.5Fin,5,5,1947,1950,0,1216,0,0,1,0,2,1,118500
6292,1.5Fin,7,7,1928,1950,0,1477,0,1,2,0,3,1,145000
11777,SLvl,5,6,1966,1966,0,1320,1,0,1,0,3,1,164500
3604,2Story,7,5,2007,2007,0,1392,0,0,2,0,2,1,146000
12150,1.5Fin,5,5,1954,1954,0,1795,0,0,2,0,4,1,131500
14585,1Story,6,6,1960,1987,0,1429,0,1,1,0,3,1,181900
12704,1Story,8,5,2008,2009,0,2042,0,0,2,1,3,1,253293
11841,SFoyer,6,5,1990,1990,0,816,1,0,1,0,3,1,118500
13500,2.5Unf,10,9,1893,2000,0,2775,0,0,3,1,3,1,325000
6120,1.5Fin,4,7,1935,1995,0,1573,0,0,1,0,3,1,133000
11443,1Story,8,5,2005,2006,0,2028,1,0,2,0,2,1,369900
10267,1Story,6,7,1918,2000,0,838,1,0,1,0,2,1,130000
8740,SFoyer,5,6,1982,1982,0,860,1,0,1,0,2,1,137000
25095,1Story,5,8,1968,2003,0,1473,2,0,1,0,1,1,143000
9100,1Story,5,6,1930,1960,156,935,0,0,1,0,2,1,79500
8320,2Story,7,5,2004,2004,0,1582,0,0,2,1,3,1,185900
13478,2Story,10,5,2008,2008,0,2296,1,0,2,1,3,1,451950
6600,1Story,5,8,1982,2003,0,816,1,0,1,0,2,1,138000
4435,1Story,6,5,2003,2003,0,848,1,0,1,0,1,1,140000
7990,1Story,5,6,1975,1975,0,924,0,0,1,0,3,1,110000
11302,1Story,8,5,2005,2006,0,1826,1,0,2,0,3,1,319000
3600,2Story,6,7,1910,1993,0,1368,0,0,1,0,3,1,114504
3922,1Story,7,5,2006,2007,0,1402,0,2,0,2,2,1,194201
12984,1Story,5,6,1977,1977,0,1647,1,0,2,0,3,1,217500
1950,2Story,6,6,1980,1980,0,1556,1,0,2,1,3,1,151000
10927,2Story,8,5,2005,2005,0,1904,1,0,2,1,3,1,275000
9000,1.5Fin,6,6,1937,1950,0,1375,0,0,1,1,3,1,141000
10041,2Story,8,5,1992,1992,0,1915,1,0,2,1,3,1,220000
3182,2Story,7,5,2004,2005,0,1200,0,0,2,1,2,1,151000
12803,1Story,7,5,2002,2002,0,1494,1,0,2,0,3,1,221000
13600,2Story,7,6,1965,1990,0,1986,0,0,2,1,3,1,205000
12464,1Story,5,5,1996,1996,0,1040,1,0,1,0,3,1,152000
7800,2Story,5,8,1948,2002,0,2008,1,0,3,0,3,1,225000
12168,2Story,8,6,1934,1998,0,3194,0,0,2,1,4,1,359100
7943,1Story,4,5,1961,1961,0,1029,1,0,1,0,3,1,118500
11050,2Story,9,5,2000,2000,0,2153,1,0,2,1,3,1,313000
10395,SLvl,6,6,1978,1978,0,1032,0,1,2,0,3,1,148000
11885,2Story,8,5,2001,2001,0,1872,1,0,2,1,3,1,261500
8402,1Story,5,5,2007,2007,0,1120,0,0,1,0,3,1,147000
1491,SFoyer,4,6,1972,1972,0,630,1,0,1,0,1,1,75500
8800,SFoyer,6,7,1963,1963,0,1054,1,0,1,0,3,1,137500
7861,2Story,6,5,2002,2003,0,1509,1,0,2,1,3,1,183200
7227,1.5Unf,6,6,1954,1954,0,832,0,0,1,0,2,1,105500
11694,1Story,9,5,2007,2007,0,1828,0,0,2,0,3,1,314813
12244,2Story,8,5,2003,2003,0,2262,1,0,2,1,4,1,305000
8248,1Story,3,3,1914,1950,0,864,1,0,1,0,2,1,67000
10800,2Story,6,7,1974,1997,0,2614,0,0,2,1,4,1,240000
7064,1Story,5,6,1977,1977,0,980,0,0,1,0,3,1,135000
2117,2Story,6,5,2000,2000,0,1512,0,0,2,1,2,1,168500
10400,2Story,6,5,1972,1972,0,1790,1,0,1,2,4,1,165150
10000,1Story,6,6,1962,1962,0,1116,0,0,1,1,3,1,160000
12342,1Story,5,5,1960,1978,0,1422,0,0,1,0,3,1,139900
9600,SLvl,6,6,1955,1972,0,1520,1,0,1,0,3,1,153000
11606,2Story,5,5,1969,1969,0,2080,0,1,1,2,5,1,135000
9020,SLvl,6,5,1964,1964,0,1350,1,0,1,1,3,1,168500
9000,2Story,5,6,1880,1991,0,1750,0,0,1,0,3,1,124000
4590,1Story,8,5,2006,2006,0,1554,0,0,2,0,2,1,209500
11900,1Story,7,5,1977,1977,0,1411,0,0,2,0,3,1,82500
9250,1Story,5,7,1954,2005,0,1056,0,1,1,0,3,1,139400
6979,SFoyer,6,5,1980,1980,0,1056,2,0,0,0,0,2,144000
10896,2.5Fin,6,7,1914,1995,515,3395,0,0,2,0,8,2,200000
6120,1Story,2,3,1936,1950,0,800,0,0,1,0,1,1,60000
6000,1.5Fin,5,4,1954,1954,0,1387,0,0,2,0,3,2,93000
8777,1Story,5,7,1910,1950,0,796,0,0,1,0,2,1,85000
3982,1Story,8,5,2006,2006,0,1567,1,0,2,0,1,1,264561
12677,1Story,8,5,2003,2004,0,1518,0,0,1,1,1,1,274000
7050,2Story,7,5,2001,2001,0,1929,1,0,2,1,3,1,226000
13860,SLvl,8,7,1972,1995,0,2704,1,0,2,1,4,1,345000
10793,2Story,5,5,1969,1969,0,1620,0,0,2,1,4,1,152000
9187,1Story,9,5,2009,2009,0,1766,1,0,2,1,2,1,370878
10530,1Story,6,5,1971,1971,0,981,1,0,1,1,3,1,143250
7200,1Story,5,5,1950,1950,0,1048,0,0,1,0,3,1,98300
10452,1Story,6,5,1953,1953,0,1094,0,0,1,0,3,1,155000
7700,2Story,6,5,1966,1966,0,1839,0,0,1,1,4,1,155000
1936,SFoyer,4,6,1970,1970,0,630,1,0,1,0,1,1,84500
8125,2Story,7,6,2007,2007,0,1665,0,0,2,1,3,1,205950
9084,2Story,4,5,1940,1950,0,1510,1,0,1,0,4,1,108000
8750,2Story,7,5,1996,1996,0,1716,0,0,2,1,2,1,191000
10320,1.5Fin,6,7,1906,1995,0,1469,0,0,1,0,3,1,135000
10437,1Story,8,6,1995,1995,0,2113,1,0,2,1,2,1,350000
1680,2Story,6,5,1971,1971,0,1092,0,0,1,1,3,1,88000
10007,1Story,5,7,1959,2006,0,1053,1,0,1,1,3,1,145500
7200,2Story,7,6,1931,2000,0,1502,0,0,1,1,3,1,149000
17503,1.5Fin,6,5,1948,1950,0,1458,0,1,1,0,3,1,97500
9937,1Story,5,7,1964,1999,0,1486,1,0,1,0,3,1,167000
12384,2Story,7,7,1976,1976,0,1935,0,0,2,1,3,1,197900
46589,2Story,8,7,1994,2005,0,2448,1,0,2,1,4,1,402000
13560,1Story,6,3,1968,1968,0,1392,1,0,1,0,2,1,110000
10012,SFoyer,4,5,1972,1972,0,1181,1,0,2,0,3,1,137500
20896,1Story,8,5,2005,2006,0,2097,1,0,1,1,1,1,423000
11194,2Story,8,5,2000,2000,0,1936,0,0,2,1,3,1,230500
18450,2Story,6,5,1965,1979,0,2380,0,0,2,1,3,1,129000
8125,1Story,6,5,1994,1998,0,1679,1,0,2,0,3,1,193500
14175,1Story,5,6,1956,1987,0,1437,1,0,1,1,3,1,168000
11600,1Story,4,5,1922,1950,0,1180,0,0,1,0,2,1,137500
8633,2Story,6,5,2005,2005,0,1476,1,0,2,1,3,1,173500
6629,2Story,6,6,1925,1950,0,1369,1,0,2,0,3,1,103600
11250,1Story,6,6,1977,1977,0,1208,1,0,1,1,3,1,165000
14442,1Story,6,7,1957,2004,0,1839,1,0,2,0,3,1,257500
9200,1Story,6,6,1965,1965,0,1136,1,0,1,0,3,1,140000
2289,2Story,6,6,1978,1978,0,1441,0,0,2,1,3,1,148500
9600,2Story,4,2,1900,1950,0,1774,1,0,2,0,4,2,87000
9022,1Story,5,8,1924,2006,0,792,0,0,1,0,2,1,109500
11844,1Story,8,5,2008,2008,0,2046,0,0,2,1,3,1,372500
9945,1Story,5,5,1961,1961,0,988,1,0,1,0,3,1,128500
8012,1Story,6,5,1980,1980,0,923,0,0,2,0,2,1,143000
4500,1.5Fin,5,5,1932,2000,0,1520,0,0,1,0,3,1,159434
2887,1Story,6,5,1996,1997,0,1291,1,0,1,0,2,1,173000
11248,1Story,9,5,2002,2002,0,1668,1,0,2,0,3,1,285000
16770,2Story,7,5,1998,1998,0,1839,0,0,2,1,4,1,221000
5062,2Story,7,5,1984,1984,0,2090,1,0,2,0,3,1,207500
10207,2Story,7,6,2007,2007,0,1761,0,0,3,0,3,1,227875
5105,2Story,7,5,2004,2004,0,1102,0,0,2,1,2,1,148800
8089,1Story,8,6,2007,2007,0,1419,1,0,2,0,2,1,392000
7577,1Story,6,5,2005,2006,0,1362,0,0,2,0,2,1,194700
4426,1Story,6,5,2004,2004,0,848,1,0,1,0,1,1,141000
21535,2Story,10,6,1994,1995,0,4316,0,1,3,1,4,1,755000
26178,2Story,7,5,1989,1990,0,2519,1,0,2,1,4,1,335000
5400,1Story,5,6,1921,1968,0,1073,0,0,1,0,2,1,108480
6120,1.5Fin,5,6,1936,1950,0,1539,0,0,1,1,3,1,141500
13811,1Story,6,6,1987,1987,0,1137,1,0,2,0,2,1,176000
6000,1Story,5,7,1921,1950,0,616,0,0,1,0,2,1,89000
6420,1Story,5,7,1952,1952,0,1148,0,1,1,0,2,1,123500
8450,1Story,5,8,1965,2009,0,894,1,0,1,0,3,1,138500
4282,1Story,7,5,2004,2004,0,1391,0,0,2,0,2,1,196000
14331,1Story,8,5,2002,2002,0,1800,1,0,2,0,3,1,312500
9600,1Story,7,5,1969,1969,0,1164,0,0,1,1,3,1,140000
12438,2Story,8,5,2006,2006,0,2576,0,0,2,1,4,1,361919
7630,2Story,5,9,1900,1996,0,1812,0,0,2,0,4,2,140000
8400,1Story,7,5,2004,2005,0,1484,1,0,2,0,3,1,213000
5600,2Story,4,5,1930,1950,0,1092,0,0,2,0,3,2,55000
115149,1Story,7,5,1971,2002,0,1824,1,0,2,0,2,1,302000
6240,1Story,8,5,2006,2006,0,1324,1,0,2,0,2,1,254000
9018,2Story,7,5,2007,2007,0,1456,0,0,2,1,3,1,179540
7162,1Story,5,7,1966,1966,0,904,0,0,1,0,3,1,109900
4130,1Story,3,6,1935,2003,0,729,0,0,1,0,2,1,52000
8712,1.5Fin,4,7,1900,1950,0,1178,0,0,1,0,2,1,102776
4671,1Story,8,5,1988,1989,0,1228,1,0,2,0,2,1,189000
9873,1Story,4,5,1970,1970,0,960,1,0,1,0,3,1,129000
13517,2Story,6,8,1976,2005,0,1479,0,0,2,1,3,1,130500
10140,1Story,6,5,1974,1974,0,1350,0,0,2,0,3,1,165000
10800,2Story,7,8,1890,1998,0,2554,0,0,1,1,3,1,159500
10000,1Story,5,6,1973,2000,0,1178,0,1,1,1,3,1,157000
10542,2Story,7,5,1993,1994,0,2418,1,0,2,1,3,1,341000
9920,1Story,5,6,1969,1969,0,971,0,0,1,1,3,1,128500
6563,1Story,8,5,1985,1985,0,1742,1,0,2,0,2,1,275000
4426,1Story,6,5,2004,2004,0,848,1,0,1,0,1,1,143000
8120,1Story,4,7,1970,1970,0,864,0,0,1,0,3,1,124500
8172,1.5Fin,4,6,1954,1972,0,1470,0,0,2,0,4,1,135000
13286,1Story,9,5,2007,2008,0,1698,1,0,2,0,3,1,320000
6960,1Story,4,6,1970,1970,0,864,0,0,1,0,3,1,120500
21695,1Story,6,9,1988,2007,0,1680,1,0,2,0,3,1,222000
7314,1Story,7,5,2007,2007,0,1232,1,0,2,0,2,1,194500
11475,1Story,5,5,1958,1958,0,1776,1,0,2,0,4,2,110000
6240,1.5Fin,4,5,1925,1950,360,1208,0,0,1,0,2,1,103000
5389,1Story,8,5,1995,1996,0,1616,1,0,2,0,2,1,236500
9590,SLvl,7,5,2003,2003,0,1146,1,0,2,0,3,1,187500
11404,2Story,7,5,1998,1999,0,2031,0,0,2,1,3,1,222500
10000,1Story,5,6,1961,1983,0,1144,1,0,1,0,3,1,131400
8978,1Story,5,5,1968,1968,0,948,0,0,1,0,3,1,108000
10800,2.5Unf,7,7,1914,1970,0,1768,0,0,1,1,2,1,163000
8544,1Story,3,4,1950,1950,0,1040,0,0,2,0,2,2,93500
10463,2Story,8,5,2005,2005,0,1801,0,0,2,1,3,1,239900
10800,1Story,5,5,1987,1988,0,1200,3,0,3,0,3,1,179000
9313,2Story,7,5,2004,2004,0,1728,0,0,2,1,3,1,190000
9600,2Story,5,7,1910,2002,0,1432,0,0,2,0,2,1,132000
6768,1Story,6,8,1961,1996,0,912,1,1,1,0,3,1,142000
8450,1Story,7,5,2000,2001,0,1349,0,0,2,0,3,1,179000
12886,SLvl,5,6,1963,1999,0,1464,0,1,2,0,3,1,175000
5395,1Story,8,5,1993,1993,0,1337,1,0,2,0,2,1,180000
8963,2Story,8,9,1976,1996,0,2715,0,1,3,1,4,1,299800
8795,2Story,7,5,2000,2000,0,2256,0,0,2,1,4,1,236000
11700,2Story,7,7,1880,2003,0,2640,0,0,1,1,4,1,265979
10593,1Story,7,5,1996,1996,0,1720,1,0,2,0,3,1,260400
8405,1.5Fin,4,3,1945,1950,0,1529,0,0,2,0,4,1,98000
8800,1.5Fin,4,7,1910,2004,0,1140,0,0,1,0,3,1,96500
7750,2Story,7,5,2003,2003,0,1320,0,0,2,1,3,1,162000
9236,1Story,6,5,1997,1997,0,1494,1,0,2,0,3,1,217000
10240,2Story,8,5,2005,2005,0,2098,0,0,2,1,3,1,275500
7930,1Story,6,8,1969,2005,0,1026,1,0,1,0,3,1,156000
3230,2Story,6,5,1999,1999,0,1471,0,0,2,1,3,1,172500
10769,2Story,8,5,2007,2007,0,1768,0,0,2,1,3,1,212000
11616,2Story,6,5,1978,1978,0,1386,0,0,2,1,3,1,158900
2280,2Story,7,5,1999,1999,0,1501,0,0,2,1,3,1,179400
12257,2Story,8,5,1995,1995,0,2531,0,0,2,1,4,1,290000
9100,1Story,6,6,1959,1959,0,864,0,0,1,0,2,1,127500
6911,1Story,5,5,1924,1950,0,1301,0,0,1,0,2,1,100000
8640,2Story,7,5,2009,2009,0,1547,0,0,2,1,3,1,215200
9430,2Story,8,5,1999,1999,0,2365,1,0,2,1,3,1,337000
9549,1Story,8,5,1995,1996,0,1494,1,0,1,1,2,1,270000
14587,1Story,9,5,2008,2008,0,1506,0,0,2,0,2,1,264132
10421,2Story,7,5,1988,1988,0,1714,0,0,2,1,3,1,196500
12508,1.5Fin,6,7,1940,1985,0,1750,1,0,2,0,4,1,160000
9100,1Story,7,5,2004,2005,0,1836,0,0,2,0,3,1,216837
53504,2Story,8,5,2003,2003,0,3279,1,0,3,1,4,1,538000
7252,SFoyer,5,5,1982,1982,0,858,1,0,1,0,2,1,134900
8877,1Story,4,5,1951,1951,0,1220,0,0,1,0,2,1,102000
7819,SLvl,6,5,1976,1976,0,1117,1,0,1,0,3,1,107000
10150,1Story,5,5,1958,1958,0,912,0,0,1,0,2,1,114500
14226,1Story,8,5,2006,2006,0,1973,0,0,2,0,3,1,395000
4500,1Story,6,5,1998,1998,0,1204,1,0,2,0,2,1,162000
11210,1Story,7,5,2005,2006,0,1614,0,0,2,0,3,1,221500
13350,1Story,5,5,1974,1974,0,894,1,0,1,0,3,1,142500
8400,1Story,5,5,1977,1977,0,2020,0,0,2,0,4,2,144000
10530,SFoyer,6,5,1977,1977,0,1004,1,0,1,0,2,1,135000
7875,1Story,7,5,1995,1996,0,1253,0,0,2,0,3,1,176000
7153,2Story,6,5,1992,1992,0,1603,0,0,2,1,3,1,175900
16285,1Story,7,5,2001,2002,0,1430,0,0,2,0,3,1,187100
9101,SFoyer,5,6,1978,1978,0,1110,1,0,1,0,1,1,165500
6300,2.5Unf,6,6,1914,2001,0,1484,0,0,2,0,3,1,128000
9790,1Story,6,5,1967,1967,0,1342,0,0,2,0,3,1,161500
10800,1.5Fin,5,6,1915,1950,0,1652,1,0,2,0,4,1,139000
10142,2Story,7,5,2004,2004,0,2084,1,0,2,1,4,1,233000
6000,1Story,4,7,1954,2000,0,901,0,0,1,0,2,1,107900
12205,2Story,6,8,1966,2007,0,2087,0,0,2,1,5,1,187500
3182,1Story,7,5,2005,2006,0,1145,0,0,2,0,2,1,160200
11333,SLvl,6,5,1976,1976,0,1062,1,0,1,0,3,1,146800
9920,2Story,7,5,1996,1997,0,2013,1,0,2,1,3,1,269790
9158,1Story,8,5,2007,2007,0,1496,0,0,2,0,3,1,225000
10832,2Story,7,5,1994,1996,0,1895,0,0,2,1,3,1,194500
8400,2Story,6,6,1980,1981,0,1564,0,0,2,1,3,1,171000
8197,1Story,6,5,1977,1977,0,1285,0,0,1,1,3,1,143500
7677,1Story,5,5,1953,1953,0,773,0,0,1,0,2,1,110000
13518,2Story,9,5,2008,2009,0,3140,0,0,3,1,4,1,485000
7200,1.5Fin,5,7,1937,1950,0,1768,1,0,1,1,3,1,175000
12798,2Story,6,5,1997,1997,0,1688,1,0,2,1,4,1,200000
4800,1Story,4,7,1916,1990,0,1196,1,0,1,0,2,1,109900
8199,2Story,7,5,2005,2005,0,1456,1,0,2,1,3,1,189000
13891,2Story,9,5,2008,2009,0,2822,0,0,3,1,4,1,582933
9000,1Story,5,5,1954,1954,0,1128,0,0,1,0,2,1,118000
12274,1Story,7,5,2008,2008,0,1428,0,0,2,0,3,1,227680
9750,SLvl,5,5,1967,1967,0,980,0,0,2,0,3,1,135500
21384,2Story,5,6,1923,2004,0,1576,2,0,1,1,3,1,223500
13400,SLvl,5,5,1966,1966,0,1086,1,0,1,0,3,1,159950
8100,2.5Unf,5,5,1898,1965,0,2138,0,0,2,0,2,3,106000
10140,1Story,6,6,1974,1999,0,1309,1,0,1,1,3,1,181000
4438,1Story,6,5,2004,2004,0,848,1,0,1,0,1,1,144500
8712,1Story,5,5,1952,1952,0,1044,0,0,1,0,2,1,55993
9750,1Story,6,6,1958,1958,0,1442,0,0,1,1,4,1,157900
8248,1.5Fin,5,7,1918,1950,0,1250,0,1,1,1,3,1,116000
12137,1Story,7,5,1998,1998,0,1661,0,0,2,0,3,1,224900
11425,1Story,5,6,1954,1954,0,1008,0,0,1,0,2,1,137000
13265,1Story,8,5,2002,2002,0,1689,1,0,2,0,3,1,271000
8816,SLvl,6,7,1971,1971,0,1052,1,0,1,0,3,1,155000
6371,1Story,7,5,2009,2010,0,1358,1,0,2,0,2,1,224000
7226,2Story,7,5,2003,2003,0,1640,0,0,2,1,3,1,183000
6000,1Story,4,4,1953,1953,0,936,0,0,1,0,2,1,93000
12394,2Story,7,5,2003,2003,0,1733,0,0,2,1,3,1,225000
9900,1.5Fin,6,7,1940,1950,0,1489,0,0,2,0,3,1,139500
11216,1Story,8,5,2006,2006,0,1489,0,0,2,0,3,1,232600
14803,1Story,10,5,2007,2008,0,2084,1,0,2,0,2,1,385000
6130,1.5Unf,5,6,1924,1950,0,784,1,0,1,0,2,1,109500
8529,1Story,7,5,2001,2001,0,1434,0,0,2,0,3,1,189000
28698,2Story,5,5,1967,1967,0,2126,0,1,2,1,3,1,185000
2544,2Story,7,5,2005,2005,80,1223,0,0,2,1,2,1,147400
11900,1Story,6,5,1957,1957,0,1392,1,0,1,1,3,1,166000
3180,2Story,7,5,2005,2005,80,1200,0,0,2,1,2,1,151000
9548,2Story,7,6,2003,2003,0,1829,1,0,2,1,3,1,237000
10004,1Story,6,6,1964,1964,0,1516,0,0,1,1,3,1,167000
7875,1Story,5,6,1961,1961,0,1144,1,0,1,0,3,1,139950
9600,1Story,4,7,1950,1995,0,1067,0,0,2,0,2,1,128000
8100,1Story,5,6,1948,1973,0,1559,1,0,1,0,2,1,153500
1680,2Story,6,5,1973,1973,0,987,1,0,1,1,2,1,100000
9525,1Story,5,6,1995,2006,0,1099,0,0,1,1,3,1,144000
11767,1.5Fin,5,6,1946,1995,0,1200,0,0,1,0,3,1,130500
12155,2Story,6,8,1925,1950,0,1482,0,0,2,0,4,1,140000
10440,2Story,5,8,1904,2002,0,1539,0,0,2,0,3,1,157500
9020,SLvl,6,7,1966,1966,0,1165,1,0,1,1,3,1,174900
8000,1Story,5,4,1961,1961,0,1800,0,0,2,0,6,2,141000
12665,1.5Fin,5,8,1915,1950,0,1416,0,0,1,1,4,1,153900
16647,SFoyer,5,5,1975,1981,0,1701,1,0,2,0,3,1,171000
9317,2Story,7,5,1993,1993,0,1775,1,0,2,1,3,1,213000
15523,1Story,5,6,1972,1972,0,864,1,0,1,0,3,1,133500
45600,1.5Fin,6,8,1908,1997,0,2358,0,0,3,0,5,1,240000
9600,SLvl,6,7,1976,1994,0,1855,0,0,2,1,3,1,187000
4435,1Story,6,5,2003,2003,0,848,1,0,1,0,1,1,131500
3196,1Story,8,5,2003,2003,0,1456,0,0,2,0,2,1,215000
7128,2.5Unf,7,5,1941,1950,0,1646,0,0,2,0,4,1,164000
12095,SLvl,6,6,1964,1964,0,1445,0,0,1,1,3,1,158000
17920,1Story,5,4,1955,1974,0,1779,1,0,1,1,3,1,170000
6897,1Story,5,8,1962,2010,0,1040,1,0,1,1,3,1,127000
10970,SLvl,6,6,1978,1978,0,1026,1,0,1,0,3,1,147000
8125,2Story,6,5,1994,1995,0,1481,0,0,2,1,3,1,174000
10400,1Story,7,5,1976,1976,0,1370,0,0,2,0,3,1,152000
11029,2Story,6,7,1968,1984,0,2654,1,0,2,1,4,1,250000
7642,1.5Fin,7,8,1918,1998,0,1426,0,0,1,1,3,1,189950
11625,1Story,5,4,1965,1965,0,1039,1,0,1,1,3,1,131500
9672,1Story,6,5,1984,1985,0,1097,0,0,2,0,3,1,152000
7931,1Story,5,5,1959,1959,0,1148,1,0,1,0,3,1,132500
8640,1Story,7,5,2007,2008,0,1372,0,0,2,0,3,1,250580
8750,1Story,5,6,1970,1970,0,1002,1,0,1,0,3,1,148500
10656,1Story,8,5,2006,2007,0,1646,0,0,2,0,3,1,248900
6970,1Story,4,5,1961,1961,0,1120,1,0,1,1,3,1,129000
14762,2Story,5,6,1948,1950,53,2320,0,0,2,0,2,1,169000
9938,2Story,7,5,1993,1994,0,1949,1,0,2,1,3,1,236000
6600,1Story,5,5,1962,1962,0,894,0,0,1,0,2,1,109500
8750,2Story,6,5,1998,1998,0,1682,0,0,2,1,3,1,200500
8892,1Story,5,7,1953,1996,0,910,0,0,1,0,3,1,116000
12144,1Story,5,7,1949,1950,232,1268,0,0,1,0,3,1,133000
5720,1.5Fin,5,6,1941,1950,0,1131,0,0,1,1,3,1,66500
9000,2Story,8,5,2007,2007,0,2610,0,0,2,1,4,1,303477
25286,1Story,4,5,1963,1963,0,1040,1,0,1,0,3,1,132250
8834,2Story,9,5,2004,2005,0,2224,1,0,2,1,4,1,350000
11782,SFoyer,5,7,1961,1995,0,1155,1,0,1,0,3,1,148000
7000,1Story,5,8,1978,2005,0,864,1,0,1,0,3,1,136500
7024,1Story,5,5,2005,2006,0,1090,1,0,1,1,2,1,157000
13758,1.5Fin,7,5,1990,1991,0,1717,0,0,2,1,3,1,187500
9636,2Story,6,5,1992,1993,0,1593,0,0,2,1,3,1,178000
6204,2.5Fin,4,5,1912,1950,481,2230,1,0,1,0,5,1,118500
7150,1Story,5,5,1967,1967,0,892,0,0,1,0,3,1,100000
5119,1Story,9,5,1999,2000,0,1709,1,0,2,0,2,1,328900
8393,1Story,5,5,1959,2005,0,1712,0,0,2,0,4,2,145000
16466,1.5Fin,5,7,1955,1955,0,1393,0,0,1,1,3,1,135500
15865,1Story,8,6,1970,1970,0,2217,1,0,2,0,4,1,268000
12160,1Story,6,4,1953,1953,0,1505,1,0,1,0,2,1,149500
8064,1.5Fin,5,7,1949,2006,0,924,0,0,1,0,3,1,122900
11184,2Story,6,5,1978,1978,0,1683,0,0,2,1,3,1,172500
8414,1Story,6,8,1963,2003,0,1068,0,1,1,0,3,1,154500
13284,1Story,5,5,1954,1954,0,1383,1,0,1,0,3,1,165000
7018,1Story,5,5,1979,1979,0,1535,0,0,2,0,4,2,118858
7056,2Story,6,5,1963,1963,0,1796,1,0,1,1,4,1,140000
8765,1Story,4,6,1936,1950,0,951,0,0,1,0,2,1,106500
7018,2Story,5,5,1979,1979,0,2240,0,0,2,0,6,2,142953
12919,1Story,9,5,2009,2010,0,2364,1,0,2,1,2,1,611657
6993,1Story,5,7,1961,1994,0,1236,0,0,1,0,3,1,135000
7340,1Story,4,6,1971,1971,0,858,0,0,1,0,2,1,110000
8712,1Story,5,7,1957,2000,0,1306,1,0,1,0,2,1,153000
7875,2Story,7,5,2003,2003,0,1509,0,0,2,1,3,1,180000
14859,1Story,7,5,2006,2006,0,1670,0,0,2,0,3,1,240000
6173,1Story,5,6,1967,1967,0,902,0,0,1,0,3,1,125500
9920,1Story,5,5,1954,1954,0,1063,1,0,1,0,3,1,128000
13501,1Story,8,5,2006,2006,0,1636,1,0,2,0,3,1,255000
11500,1.5Fin,7,7,1936,1987,0,2057,0,0,1,1,3,1,250000
8885,1Story,5,5,1983,1983,0,902,1,0,1,0,2,1,131000
12589,2Story,6,5,2005,2005,0,1484,0,0,2,1,3,1,174000
11600,2Story,5,5,1960,1960,0,2274,0,0,2,0,5,2,154300
9286,1Story,5,7,1977,1989,0,1268,0,0,1,1,3,1,143500
6120,1Story,5,7,1925,1950,0,1015,0,0,1,0,3,1,88000
6270,2Story,5,6,1949,1950,0,2002,0,0,2,0,4,2,145000
3000,2Story,6,5,2009,2009,0,1224,0,0,2,1,2,1,173733
2001,2Story,4,5,1970,1970,0,1092,0,0,1,1,3,1,75000
9000,1Story,2,3,1949,1950,0,480,1,0,0,0,1,1,35311
17140,1Story,4,6,1956,1956,0,1229,0,0,1,0,3,1,135000
13125,2Story,7,5,1991,1991,0,2127,1,0,2,1,4,1,238000
11029,1Story,6,8,1958,2002,0,1414,1,0,1,0,3,1,176500
8462,2Story,6,5,1994,1994,0,1721,0,1,2,1,3,1,201000
8777,1.5Fin,5,7,1900,2003,0,2200,2,0,2,2,4,2,145900
10237,1Story,6,5,2005,2006,0,1316,0,0,2,0,3,1,169990
8012,1Story,6,5,1993,1994,0,1617,1,0,2,0,2,1,193000
10240,1Story,6,6,1980,1980,0,1686,1,0,2,0,3,1,207500
15611,1Story,5,6,1977,1977,0,1126,0,1,2,0,3,1,175000
11999,2Story,8,5,2003,2004,0,2374,0,0,2,1,4,1,285000
9900,2Story,7,5,1968,1968,0,1978,0,0,2,1,4,1,176000
11838,1Story,8,5,2001,2001,0,1788,0,0,2,0,3,1,236500
13006,2Story,7,5,1997,1997,0,2236,0,0,2,1,4,1,222000
8925,1Story,8,5,2007,2007,0,1466,0,0,2,0,3,1,201000
9100,1Story,5,6,1965,1965,0,925,0,1,1,0,2,1,117500
11670,1Story,9,5,2006,2006,0,1905,0,0,2,0,3,1,320000
8487,1Story,7,5,2004,2004,0,1500,0,0,2,0,3,1,190000
27650,1Story,7,7,1960,2007,0,2069,1,0,2,0,4,1,242000
5825,1Story,4,5,1926,1953,0,747,0,0,1,0,1,1,79900
10083,1Story,7,5,2003,2003,0,1200,1,0,2,0,2,1,184900
9675,2Story,7,5,2005,2005,0,1971,0,0,2,1,3,1,253000
8760,2Story,7,5,2006,2006,0,1962,0,0,2,1,3,1,239799
24090,2Story,7,7,1940,1950,0,2403,0,0,2,0,4,1,244400
12640,1Story,6,5,1976,1976,0,1728,0,0,2,0,4,2,150900
8755,2Story,7,5,1999,1999,0,2060,1,0,2,1,3,1,214000
7711,1Story,4,3,1977,1977,0,1440,2,0,2,0,4,2,150000
25000,1Story,5,4,1967,1967,0,1632,0,0,2,0,4,2,143000
14375,SLvl,6,6,1958,1958,0,1344,0,1,1,0,3,1,137500
8820,1.5Fin,5,6,1890,1996,120,1869,0,0,1,0,2,1,124900
8163,SLvl,5,6,1959,1959,0,1144,1,0,1,0,3,1,143000
14536,1Story,8,5,2002,2003,0,1629,1,0,2,0,3,1,270000
14006,2Story,7,5,2002,2002,0,1776,0,0,2,1,3,1,192500
9360,1Story,6,7,1972,2006,0,1381,1,0,1,1,3,1,197500
7200,1Story,5,8,1950,2002,0,864,1,0,1,0,3,1,129000
7800,1Story,5,5,1965,1965,0,965,1,0,1,0,3,1,119900
7200,SFoyer,5,8,1972,2003,0,768,0,1,1,0,2,1,133900
11075,2Story,5,4,1969,1969,0,1968,0,1,2,1,4,1,172000
9400,SFoyer,6,5,1975,1975,0,980,0,2,2,0,4,0,127500
7136,2Story,6,6,1946,1950,0,1958,0,0,2,0,4,2,145000
1300,2Story,6,6,1980,1980,0,1229,0,0,1,1,2,1,124000
7420,1Story,5,5,1962,1962,0,1057,0,0,1,0,3,1,132000
8450,1Story,7,5,2003,2003,0,1337,1,0,2,0,3,1,185000
2572,2Story,7,5,1999,1999,0,1416,1,0,2,1,3,1,155000
7207,1Story,5,7,1958,2008,0,858,1,0,1,0,2,1,116500
12227,2Story,6,7,1977,1995,0,2872,1,0,2,1,4,1,272000
2308,2Story,6,6,1976,1976,0,1548,1,0,2,1,3,1,155000
11923,1Story,9,5,2007,2007,0,1800,0,0,2,0,2,1,239000
11316,2Story,7,5,2002,2003,0,1894,1,0,2,1,4,1,214900
10237,2Story,6,5,2005,2007,0,1484,0,0,2,1,3,1,178900
9600,1.5Fin,5,7,1940,1950,0,1308,1,0,1,1,2,1,160000
7390,1Story,5,7,1955,1955,0,1098,1,0,1,0,3,1,135000
5925,1.5Fin,3,6,1910,1950,0,968,0,0,1,0,2,1,37900
10382,SLvl,6,5,1958,1958,0,1095,1,0,1,0,2,1,140000
10800,1.5Fin,4,4,1949,1950,0,1192,0,0,1,1,4,1,135000
2268,2Story,7,5,2003,2004,0,1626,0,0,2,0,2,1,173000
7892,1Story,6,5,1979,1979,0,918,0,0,2,0,2,1,99500
11639,1Story,7,5,2007,2008,0,1428,0,0,2,0,3,1,182000
11414,2Story,7,8,1910,1993,0,2019,0,0,1,0,3,1,167500
2651,2Story,7,5,2000,2000,0,1382,1,0,2,1,3,1,165000
5900,1Story,4,7,1923,1958,0,869,0,0,1,0,2,1,85500
4274,1Story,7,5,2006,2007,0,1241,1,0,1,1,1,1,199900
9450,1Story,4,5,1954,1954,0,894,0,0,1,0,3,1,110000
8816,1Story,5,6,1963,1963,0,1121,1,0,1,0,3,1,139000
12122,SFoyer,7,9,1961,2007,0,999,1,0,1,0,3,1,178400
12203,2Story,8,5,1998,1999,0,2612,1,0,2,1,4,1,336000
3182,1Story,7,5,2007,2007,0,1266,0,0,2,0,2,1,159895
11250,2Story,8,5,2002,2002,0,2290,0,0,2,1,4,1,255900
10125,1.5Fin,5,5,1977,1977,0,1734,0,0,2,0,4,2,126000
10880,1Story,5,5,1950,1950,0,1164,1,0,1,0,3,1,125000
5310,1.5Fin,6,8,1910,2003,0,1635,0,0,1,0,2,1,117000
10159,1Story,9,5,2009,2010,0,1940,1,0,2,1,3,1,395192
12046,2Story,6,6,1976,1976,0,2030,0,0,2,1,4,1,195000
8125,2Story,7,5,2006,2006,0,1576,0,0,2,1,3,1,197000
9452,2Story,8,5,1997,1998,0,2392,1,0,2,1,3,1,348000
17671,2Story,8,9,1882,1986,0,1742,0,0,1,1,4,1,168000
9760,2Story,6,8,1964,1993,0,1851,0,0,2,1,3,1,187000
8846,2Story,6,5,2005,2006,0,1500,0,0,2,1,3,1,173900
12456,1Story,10,5,2006,2007,0,1718,1,0,2,0,3,1,337500
4712,1.5Fin,4,7,1946,1950,0,1230,1,0,1,1,3,1,121600
10659,1Story,5,6,1961,1961,0,1050,1,0,1,0,3,1,136500
11717,1Story,6,6,1970,1970,0,1442,0,0,2,0,2,1,185000
9786,1Story,3,4,1922,1950,0,1077,0,0,1,0,3,1,91000
6762,1Story,7,5,2006,2006,0,1208,1,0,2,0,2,1,206000
10206,1Story,3,3,1952,1952,0,944,0,0,1,0,2,1,82000
5400,1Story,5,6,1920,1950,0,691,0,0,1,0,2,1,86000
11957,1Story,8,5,2006,2006,0,1574,0,0,2,0,3,1,232000
11500,1Story,5,6,1976,1976,0,1680,0,0,2,0,4,2,136905
3182,1Story,7,5,2005,2006,0,1504,0,0,2,0,1,1,181000
8385,SLvl,5,8,1977,1977,0,985,0,0,2,0,3,1,149900
12155,1Story,6,3,1970,1970,0,1657,0,1,2,0,3,1,163500
2217,2Story,4,4,1970,1970,0,1092,0,0,1,1,3,1,88000
12118,1Story,7,5,2004,2005,0,1710,0,0,2,0,3,1,240000
6000,1.5Fin,5,5,1926,1950,514,1522,0,0,2,0,4,1,102000
21286,1.5Fin,5,5,1948,1950,0,1271,0,0,2,0,4,1,135000
9825,1Story,5,5,1965,1965,0,1664,0,0,2,0,4,2,100000
10592,2Story,6,7,1923,1996,0,1502,0,0,1,1,3,1,165000
7200,1Story,5,4,1910,2006,0,1022,1,0,1,0,2,1,85000
11664,1Story,6,5,1948,1950,0,1082,0,0,1,0,2,1,119200
8400,2Story,8,6,2001,2001,0,1665,1,0,2,1,3,1,227000
11883,1Story,7,5,1996,1996,0,1504,1,0,2,0,3,1,203000
5814,1Story,8,5,1984,1984,0,1360,1,0,1,0,1,1,187500
10784,SLvl,7,5,1991,1992,0,1472,0,0,2,1,3,1,160000
3013,1Story,7,5,2005,2005,0,1506,0,0,2,0,2,1,213490
7024,1Story,4,5,2005,2005,0,1132,1,0,1,1,2,1,176000
7406,1Story,7,5,2006,2006,0,1220,1,0,2,0,2,1,194000
9439,1.5Fin,5,5,1930,1950,0,1248,0,0,1,0,2,1,87000
3182,1Story,7,5,2005,2006,0,1504,0,0,2,0,2,1,191000
15498,1Story,8,6,1976,1976,0,2898,1,0,2,0,2,1,287000
7700,1Story,5,5,1972,1972,0,882,1,0,1,0,3,1,112500
9300,1Story,5,5,1960,1960,0,1264,1,0,1,0,3,1,167500
9520,1Story,8,5,2007,2008,0,1646,1,0,2,0,3,1,293077
9492,1.5Fin,5,5,1941,1950,0,1376,1,0,1,0,3,1,105000
1680,2Story,6,7,1972,1972,0,1218,0,1,1,1,3,1,118000
7082,2Story,5,8,1916,1995,0,1928,0,0,2,0,5,2,160000
15863,2.5Fin,7,3,1920,1970,397,3082,1,0,2,1,5,1,197000
14541,2Story,8,7,1993,1993,0,2520,1,0,2,1,5,1,310000
8125,1Story,7,5,2002,2002,0,1654,1,0,2,0,3,1,230000
6305,1Story,5,7,1938,1950,0,954,0,0,1,0,2,1,119750
11500,1Story,4,3,1957,1957,0,845,0,0,1,0,3,1,84000
12898,1Story,9,5,2007,2008,0,1620,1,0,2,0,2,1,315500
9240,2Story,8,5,2001,2002,0,2263,0,0,2,1,3,1,287000
1533,2Story,4,6,1970,2008,0,1344,0,0,1,1,3,1,97000
1477,SFoyer,4,4,1970,1970,0,630,1,0,1,0,1,1,80000
13125,1Story,5,4,1957,2000,0,1803,1,0,2,0,3,1,155000
9130,2Story,6,8,1966,2000,0,1632,0,1,1,1,4,1,173000
5381,1Story,6,5,2005,2005,0,1306,1,0,2,0,1,1,196000
11839,2Story,7,5,1990,1990,0,2329,1,0,2,1,4,1,262280
9600,1Story,8,5,1981,1981,0,2524,1,0,2,1,4,1,278000
13680,1Story,3,5,1955,1955,0,1733,0,0,2,0,4,1,139600
16056,2Story,9,5,2005,2006,0,2868,0,0,3,1,4,1,556581
9245,1Story,5,5,1994,1995,0,990,0,1,1,0,3,1,145000
21750,1Story,5,4,1960,2006,0,1771,0,0,1,0,3,1,115000
11100,1Story,4,7,1946,2006,0,930,0,0,1,0,2,1,84900
8993,1Story,7,5,2007,2007,0,1302,0,0,2,0,3,1,176485
11175,1Story,7,5,2007,2007,0,1316,0,0,2,0,3,1,200141
9500,2Story,6,6,1964,1978,0,1977,0,1,1,1,4,1,165000
8562,1Story,5,6,1957,2002,0,1526,0,0,1,0,4,1,144500
11367,2Story,8,5,2002,2002,0,1989,1,0,2,1,3,1,255000
11361,1Story,6,5,1976,1976,0,1523,0,1,2,0,3,1,180000
7052,1Story,7,5,2005,2005,0,1364,1,0,2,0,2,1,185850
29959,2Story,7,6,1994,1994,0,1850,0,0,2,1,3,1,248000
11308,2Story,9,5,2008,2008,0,2184,1,0,2,1,3,1,335000
11275,1.5Fin,6,7,1932,1950,0,1991,0,0,1,1,3,1,220000
4920,1Story,8,5,2001,2001,0,1338,1,0,2,0,2,1,213500
18000,1Story,3,4,1935,1950,0,894,0,0,1,0,2,1,81000
13600,2Story,5,5,1900,1950,0,2337,0,0,2,0,5,2,90000
6000,1Story,6,6,1925,1980,0,1103,0,0,1,0,2,1,110500
11000,1Story,5,6,1966,1966,0,1154,0,0,1,1,3,1,154000
14000,2Story,7,5,1996,1997,0,2260,1,0,2,1,3,1,328000
7837,2Story,6,7,1993,1994,0,1571,0,0,2,1,3,1,178000
9760,2Story,6,6,1964,1964,0,1611,1,0,1,1,4,1,167900
3964,2Story,6,4,1973,1973,0,2521,1,0,2,1,5,1,151400
9600,1.5Unf,5,7,1949,2003,0,893,0,1,1,0,2,1,135000
10152,1Story,5,5,1956,1956,0,1048,1,0,1,0,3,1,135000
11700,2Story,6,6,1968,1968,0,1556,0,0,1,1,4,1,154000
7585,1.5Fin,5,3,1948,1950,0,1456,1,1,1,0,4,1,91500
7950,2Story,6,6,1977,1977,0,1426,0,0,1,1,3,1,159500
8556,1Story,7,5,2006,2006,0,1240,0,0,2,0,2,1,194000
13125,2Story,7,6,1940,1984,0,1740,0,0,1,1,3,1,219500
10800,1.5Fin,5,8,1936,1989,0,1466,0,1,2,0,3,1,170000
15870,1Story,5,5,1969,1969,0,1096,1,0,1,0,3,1,138800
4435,1Story,6,5,2004,2004,0,848,1,0,1,0,1,1,155900
8775,1Story,5,5,1994,1994,0,990,0,0,1,0,3,1,126000
11040,1Story,6,7,1971,2004,0,1258,0,1,2,0,3,1,145000
7500,1Story,5,5,1963,1963,0,1040,1,0,1,1,3,1,133000
8749,1Story,7,5,2002,2002,0,1459,0,0,2,0,3,1,192000
8800,1Story,6,6,1964,1964,0,1251,1,0,1,0,3,1,160000
13031,2Story,6,5,1995,1996,0,1498,0,0,2,1,3,1,187500
9069,SFoyer,6,6,1992,1992,0,996,1,0,1,0,2,1,147000
1974,2Story,4,5,1973,1973,0,1092,0,0,1,1,3,1,83500
10574,2Story,8,5,2005,2006,0,1953,0,0,2,1,3,1,252000
2522,2Story,7,5,2004,2004,0,1709,0,0,2,0,3,1,137500
3316,1Story,8,5,2005,2005,0,1247,1,0,1,1,1,1,197000
8544,1Story,3,4,1950,1950,0,1040,0,0,2,0,2,2,92900
2160,2Story,7,5,1999,2000,0,1252,1,0,2,1,2,1,160000
8400,1.5Fin,6,5,1925,1950,0,1694,0,0,2,0,4,1,136500
9230,1Story,5,8,1965,1998,0,1200,1,0,1,1,1,1,146000
5868,1Story,5,7,1956,2000,0,936,1,0,1,0,2,1,129000
9317,1Story,6,5,2006,2006,0,1314,0,0,2,0,3,1,176432
6882,2Story,6,7,1914,2006,0,1355,0,0,1,1,3,1,127000
3696,1Story,8,5,1986,1986,0,1088,0,0,1,1,2,1,170000
6000,1.5Fin,4,6,1936,1950,0,1324,0,0,1,0,3,1,128000
11880,1Story,7,5,1978,1978,0,1601,0,0,2,0,3,1,157000
8400,1Story,2,5,1920,1950,0,438,0,0,1,0,1,1,60000
9758,1Story,5,5,1971,1971,0,950,0,0,1,0,3,1,119500
7000,1Story,5,7,1960,2002,0,1134,0,0,1,0,2,1,135000
8910,1Story,6,6,1959,1959,0,1194,0,1,1,0,3,1,159500
2016,2Story,5,5,1970,1970,0,1302,0,0,2,1,3,1,106000
12256,2Story,8,5,1994,1995,0,2622,1,0,2,1,3,1,325000
10357,1Story,7,5,1990,1991,0,1442,1,0,2,0,3,1,179900
23257,2Story,7,5,2006,2006,0,2021,0,0,2,1,3,1,274725
8063,2Story,6,5,2000,2000,0,1690,0,0,2,1,3,1,181000
11362,1Story,8,5,2004,2005,0,1836,1,0,2,0,3,1,280000
8000,2Story,6,5,1995,1996,0,1658,1,0,2,1,3,1,188000
10480,2Story,7,6,1976,1976,0,1964,0,0,2,1,4,1,205000
7100,1Story,5,7,1957,1957,0,816,1,0,1,0,2,1,129900
8923,1Story,5,7,1953,2006,0,1008,1,0,1,0,2,1,134500
5400,1Story,5,7,1954,2000,0,833,0,0,1,0,2,1,117000
12085,1Story,8,5,2007,2007,0,1734,1,0,2,0,3,1,318000
7750,SLvl,8,5,2002,2002,0,1419,1,0,2,1,3,1,184100
9764,1Story,5,7,1967,2003,0,894,1,0,1,0,3,1,130000
13825,SLvl,5,6,1958,1987,0,1601,0,1,1,0,3,1,140000
7560,1Story,5,5,1959,1959,0,1040,0,0,1,0,3,1,133700
8263,1Story,6,5,1920,1950,0,1012,0,0,1,0,2,1,118400
10084,1Story,7,5,2005,2006,0,1552,0,0,2,0,3,1,212900
8926,1Story,4,3,1956,1956,0,960,0,0,1,0,3,1,112000
9405,1Story,5,9,1947,2008,0,698,0,1,1,0,2,1,118000
9125,SLvl,7,5,1992,1992,0,1482,0,0,2,1,3,1,163900
10434,1Story,4,5,1955,1955,0,1005,0,0,1,0,2,1,115000
3684,1Story,7,5,2007,2007,0,1555,0,0,2,0,2,1,174000
14572,1Story,7,5,2004,2004,0,1530,1,0,2,0,3,1,259000
11796,2Story,7,5,2004,2005,0,1959,0,0,2,1,4,1,215000
7200,SFoyer,5,5,1980,1980,0,936,1,0,1,0,2,1,140000
7804,1.5Fin,4,3,1928,1950,0,1981,1,0,2,0,4,1,135000
10712,1Story,5,5,1991,1992,0,974,0,0,1,0,3,1,93500
9900,2Story,6,4,1880,1950,0,2210,0,0,2,0,5,1,117500
9828,2Story,8,5,1995,1995,0,2020,0,0,2,1,3,1,239500
8773,2Story,6,5,1997,1997,0,1600,0,0,2,1,3,1,169000
6180,1Story,6,5,1926,1950,0,986,0,0,1,0,2,1,102000
9600,1.5Fin,6,5,1950,1950,0,1252,0,0,1,0,3,1,119000
6342,1.5Fin,5,8,1875,1996,0,1020,0,0,1,0,2,1,94000
9819,1Story,6,5,1977,1977,0,1567,1,0,2,0,2,1,196000
8731,1Story,5,5,1920,1950,0,1167,0,0,1,0,3,1,144000
7350,1Story,5,7,1951,1951,0,952,1,0,1,0,2,1,139000
10304,2Story,5,7,1976,1976,0,1868,1,0,2,1,4,1,197500
9965,2Story,8,5,2006,2007,0,2828,1,0,3,0,4,1,424870
9000,1Story,5,3,1959,1959,0,1006,0,0,1,0,3,1,80000
12180,1.5Fin,4,4,1941,1950,0,924,1,0,1,0,2,1,80000
6240,1.5Fin,5,6,1928,1950,0,1576,0,0,1,0,3,1,149000
11200,1Story,6,5,1985,1985,0,1298,1,0,2,0,3,1,180000
12000,2Story,7,7,1941,1950,0,1564,0,0,1,1,3,1,174500
5700,1.5Fin,7,7,1926,1950,0,1111,0,0,1,0,2,1,116900
9000,2Story,7,9,1920,1988,0,1482,0,1,1,0,3,1,143000
8280,1Story,6,5,1950,1950,0,932,0,0,1,0,2,1,124000
17755,1Story,5,4,1959,1959,0,1466,0,0,1,1,3,1,149900
14115,1Story,6,7,1956,2004,0,1811,0,0,1,0,2,1,230000
5890,1Story,6,8,1930,2007,0,816,0,0,1,0,2,1,120500
13700,2Story,7,6,1965,1988,0,1820,0,0,1,2,4,1,201800
10768,1Story,5,8,1976,2004,0,1437,1,0,2,0,3,1,218000
9350,SLvl,5,8,1965,1999,0,1265,0,1,2,0,3,1,179900
5001,1Story,7,5,2007,2008,0,1314,1,0,2,0,2,1,230000
11932,1Story,8,5,2007,2008,0,1580,0,0,2,0,3,1,235128
9120,2Story,6,6,1974,1974,0,1876,0,0,2,1,4,1,185000
2280,2Story,6,5,1978,1978,0,1456,0,0,2,1,3,1,146000
14778,1Story,6,7,1954,2006,0,1640,1,0,1,0,3,1,224000
8724,1Story,5,5,1968,1968,0,894,0,0,1,0,3,1,129000
12900,SFoyer,4,4,1969,1969,0,1258,2,0,0,2,0,2,108959
16157,SLvl,5,7,1978,1978,0,1432,1,0,1,1,2,1,194000
9541,1Story,7,5,2009,2009,0,1502,0,0,2,0,3,1,233170
10475,1Story,8,5,2008,2008,0,1694,0,0,2,0,3,1,245350
10852,2Story,6,5,2000,2000,0,1671,1,0,2,1,3,1,173000
13728,2Story,6,7,1935,1986,0,2108,0,0,2,0,4,1,235000
35760,2Story,10,5,1995,1996,0,3627,1,0,3,1,4,1,625000
9880,SLvl,6,6,1977,1977,0,1118,1,0,1,0,3,1,171000
9120,1Story,6,6,1958,1958,0,1261,1,0,1,0,3,1,163000
4017,2Story,7,5,2006,2007,0,1250,0,0,2,1,2,1,171900
18030,1.5Fin,5,6,1946,1994,479,3086,0,0,3,0,3,1,200500
16560,2Story,6,8,1932,1950,0,2345,0,0,2,1,4,1,239000
10678,1.5Fin,8,5,1992,2000,0,2872,0,0,2,1,4,1,285000
6951,1Story,5,5,1984,1985,0,923,1,0,1,0,3,1,119500
3950,1.5Fin,6,8,1926,2004,0,1224,0,0,1,0,3,1,115000
7681,1.5Fin,5,6,1921,1950,0,1343,0,0,1,1,3,1,154900
8335,1Story,5,5,1954,1954,0,1124,0,0,1,0,3,1,93000
11170,2Story,7,5,1990,1991,0,2514,0,0,2,1,4,1,250000
5587,1Story,8,5,2008,2008,0,1652,1,1,2,0,2,1,392500
15623,2Story,10,5,1996,1996,0,4476,1,0,3,1,4,1,745000
10800,1Story,5,6,1920,1950,0,1130,1,0,1,0,2,1,120000
35133,1Story,5,4,1963,1963,0,1572,1,0,1,1,3,1,186700
9738,1.5Fin,5,7,1924,1950,0,1221,1,0,1,0,4,1,104900
10615,2Story,3,5,1900,1970,0,1699,1,0,2,0,3,2,95000
12461,1Story,8,5,1994,1995,0,1624,1,0,2,0,2,1,262000
8935,2Story,7,5,2002,2002,0,1660,0,0,2,1,3,1,195000
7500,2Story,7,5,1999,1999,0,1804,0,0,2,1,3,1,189000
32463,1Story,4,4,1961,1975,0,1622,1,0,1,0,3,1,168000
2645,2Story,8,5,1999,2000,0,1441,0,0,2,1,2,1,174000
9600,1.5Fin,5,8,1925,1994,0,1472,0,0,1,0,3,1,125000
4500,1Story,6,5,1999,1999,0,1224,1,0,2,0,2,1,165000
9364,2Story,6,7,1969,1969,0,1352,0,0,1,1,4,1,158000
8029,2Story,6,5,2005,2005,0,1456,0,0,2,1,3,1,176000
14054,2Story,7,5,2006,2006,0,1863,0,0,2,1,4,1,219210
8850,2.5Unf,7,6,1916,1950,0,1690,0,0,1,0,3,1,144000
9100,1Story,7,5,2001,2001,0,1212,0,0,2,0,3,1,178000
11235,1Story,4,5,1963,1979,0,1382,0,0,1,1,3,1,148000
9353,1Story,4,5,1970,1970,0,864,0,0,1,0,3,1,116050
10400,2Story,7,5,1998,1998,0,1779,0,0,2,1,3,1,197900
6000,1.5Fin,5,8,1925,1997,0,1348,1,0,1,0,3,1,117000
9750,1Story,7,5,2000,2001,0,1630,0,0,2,0,3,1,213000
10140,1Story,5,6,1975,1975,0,1074,1,0,1,1,3,1,153500
14684,1Story,7,7,1990,1991,0,2196,0,0,2,0,3,1,271900
8900,1Story,4,4,1966,1966,0,1056,1,0,1,0,2,1,107000
9135,1Story,6,5,2003,2003,0,1700,1,0,2,0,3,1,200000
7763,1Story,5,7,1962,1980,0,1283,1,0,1,0,3,1,140000
10182,1Story,8,5,2006,2006,0,1660,1,0,2,0,3,1,290000
11218,2Story,6,5,1992,1992,0,1845,0,0,2,1,3,1,189000
12134,1.5Fin,8,7,1988,2005,0,1752,0,0,2,0,4,1,164000
9340,1Story,4,6,1941,1950,0,672,1,0,1,0,2,1,113000
10246,SLvl,4,9,1965,2001,0,960,1,1,0,0,0,1,145000
10205,SFoyer,5,5,1962,1962,0,999,1,0,1,0,3,1,134500
7094,1Story,5,5,1966,1966,0,894,0,0,1,0,3,1,125000
8930,1.5Fin,6,5,1978,1978,0,1902,0,0,2,0,4,2,112000
8640,1Story,8,5,2009,2009,0,1314,1,0,2,0,3,1,229456
6240,1.5Fin,4,5,1947,1950,0,912,0,0,1,0,2,1,80500
1680,2Story,6,5,1971,1971,0,1218,0,0,1,1,3,1,91500
7800,1Story,5,5,1964,1964,0,912,0,0,1,0,2,1,115000
8250,1Story,5,5,1968,1968,0,1211,0,0,1,0,3,1,134000
10496,1.5Fin,6,6,1949,1950,0,1846,0,0,2,0,3,1,143000
10680,1Story,5,3,1951,1951,0,2136,0,0,2,0,4,1,137900
15384,2Story,7,5,2004,2005,0,1490,1,0,2,1,3,1,184000
10482,SLvl,6,8,1958,1958,0,1138,0,1,1,0,3,1,145000
14598,2Story,6,5,2007,2007,0,1933,0,0,2,1,4,1,214000
8872,1Story,5,8,1965,2008,0,912,1,0,1,0,2,1,147000
8769,1Story,9,5,2008,2008,0,1702,1,0,1,1,1,1,367294
7910,SLvl,5,5,1960,1960,0,1507,0,0,2,0,4,1,127000
18890,1.5Fin,5,5,1977,1977,0,2620,0,0,2,2,4,2,190000
7728,SLvl,5,6,1962,1962,0,1190,1,0,1,0,3,1,132500
9842,1Story,4,5,1962,1962,0,1224,0,0,2,0,2,2,101800
12160,1Story,5,5,1959,1959,0,1188,1,0,1,0,3,1,142000
8525,2Story,5,6,1911,1950,0,1964,0,0,1,1,4,1,130000
13132,2Story,5,5,1914,1950,0,1784,0,0,1,1,4,1,138887
2628,2Story,7,5,2003,2003,0,1626,0,0,2,1,2,1,175500
12393,2Story,7,5,2004,2005,0,1948,0,0,2,1,4,1,195000
13072,1Story,6,5,2005,2005,0,1141,0,0,1,1,3,1,142500
9037,1Story,8,5,2006,2006,0,1484,0,0,2,0,2,1,265900
8158,2Story,7,5,2003,2003,0,1768,1,0,2,1,3,1,224900
9849,1Story,7,6,2007,2007,0,1689,0,0,2,0,3,1,248328
10625,SFoyer,7,6,1974,1974,0,1173,1,0,2,0,3,1,170000
13891,1Story,10,5,2006,2006,0,2076,1,0,2,1,2,1,465000
11435,2Story,8,7,1929,1950,0,1517,0,0,1,0,3,1,230000
12090,SLvl,6,7,1984,2003,0,1868,0,0,3,1,3,1,178000
8125,2Story,7,5,2005,2006,0,1553,0,0,2,1,3,1,186500
12328,SLvl,6,5,1976,1976,0,1034,1,0,1,0,3,1,169900
9600,2.5Unf,6,5,1917,1950,0,2058,0,0,1,1,3,1,129500
7200,1Story,5,7,1950,1950,0,988,0,0,1,0,3,1,119000
11160,1Story,7,5,1968,1968,0,2110,1,0,2,1,3,1,244000
3136,1Story,7,5,2003,2003,0,1405,0,0,2,0,2,1,171750
9858,1Story,5,6,1968,1968,0,874,1,0,1,0,3,1,130000
17542,2Story,7,7,1974,2003,0,2167,1,0,2,1,3,1,294000
6931,2Story,7,5,2003,2004,0,1656,0,0,2,1,3,1,165400
6240,1.5Fin,6,6,1931,1950,0,1367,0,0,1,0,3,1,127500
14303,1Story,8,5,1994,1994,0,1987,1,0,2,0,2,1,301500
4060,1Story,5,8,1922,1950,0,864,0,0,1,0,2,1,99900
9587,SLvl,7,5,2005,2005,0,1166,1,0,2,0,2,1,190000
9750,1Story,6,8,1969,1969,0,1054,1,0,1,1,3,1,151000
24682,2Story,6,5,1999,1999,0,1675,0,0,2,1,3,1,181000
9600,1Story,5,6,1956,1956,0,1050,0,0,1,0,2,1,128900
11250,1.5Fin,4,5,1957,1989,0,1788,1,0,1,0,5,1,161500
13515,2Story,6,6,1919,1950,0,1824,0,0,1,0,3,1,180500
4060,1Story,6,5,1998,1999,0,1337,1,0,2,0,2,1,181000
3735,2Story,7,5,1999,1999,0,1452,1,0,2,1,3,1,183900
10120,2.5Unf,7,4,1910,1950,0,1889,0,0,1,1,4,2,122000
13214,1Story,9,5,2008,2009,0,2018,0,0,2,0,3,1,378500
14100,1.5Fin,8,9,1935,1997,0,3447,0,0,3,1,4,1,381000
11344,1.5Fin,5,5,1958,1958,0,1524,0,0,1,1,3,1,144000
23595,1Story,7,6,1979,1979,0,1524,2,0,0,1,0,1,260000
9156,1Story,6,7,1968,1968,0,1489,0,0,2,0,3,1,185750
13526,1Story,5,6,1965,1965,0,935,1,0,1,0,3,1,137000
11512,SLvl,6,7,1959,2006,0,1357,1,0,1,0,2,1,177000
5362,1.5Fin,5,6,1910,2003,0,1250,0,0,2,0,3,1,139000
11345,2Story,5,5,1948,1950,0,1920,0,0,2,0,4,2,137000
12936,2Story,6,6,1972,1972,0,1395,0,1,1,1,3,1,162000
17871,SLvl,6,5,1967,1976,0,1724,1,0,1,1,3,1,197900
9473,2Story,8,5,2002,2002,0,2031,1,0,2,1,3,1,237000
7500,1.5Fin,4,4,1920,1950,0,1128,0,0,1,0,2,1,68400
9808,1Story,7,5,2002,2002,0,1573,1,0,2,0,3,1,227000
8049,1Story,7,5,1990,1990,0,1339,1,0,2,0,2,1,180000
8800,1Story,5,7,1977,2008,0,1040,0,0,2,0,3,1,150500
9400,2Story,6,5,1971,1971,0,1824,0,0,2,2,4,2,139000
9638,1.5Fin,6,7,1919,1990,0,2447,0,0,2,0,4,1,169000
6000,1.5Fin,6,6,1939,1950,0,1412,0,0,1,0,4,1,132500
9790,1Story,6,5,1963,1963,0,1328,1,0,1,1,3,1,143000
36500,1Story,5,5,1964,1964,0,1582,0,1,2,0,4,1,190000
5664,1Story,8,5,2000,2000,0,1659,1,0,2,0,2,1,278000
11065,2Story,8,5,2006,2006,0,1970,0,0,2,1,3,1,281000
14112,SLvl,5,7,1964,1964,0,1152,1,0,1,0,3,1,180500
1680,2Story,5,7,1972,1972,0,1302,0,0,2,1,3,1,119500
6600,2Story,5,4,1892,1965,0,2372,0,0,2,0,4,2,107500
10140,2Story,7,5,1976,1976,0,1664,0,0,2,1,4,1,162900
8172,1Story,5,7,1955,1990,0,864,1,0,1,0,2,1,115000
8400,1Story,5,5,1968,1968,0,1052,1,0,1,1,3,1,138500
8700,1Story,5,6,1963,1963,0,1128,1,0,2,0,3,1,155000
3675,SFoyer,6,5,2005,2006,0,1072,1,0,2,0,2,1,140000
63887,2Story,10,5,2008,2008,0,5642,2,0,2,1,3,1,160000
7500,1Story,5,7,1959,1994,0,1246,1,0,1,1,3,1,154000
10762,2Story,7,5,1999,1999,0,1983,0,0,2,1,3,1,225000
7500,2Story,6,7,1942,1950,0,1494,0,0,1,0,3,1,177500
10120,2Story,8,5,1994,1994,0,2526,1,0,2,1,4,1,290000
8688,1Story,7,5,2005,2005,0,1616,0,0,2,0,3,1,232000
3363,2Story,7,5,2004,2004,0,1708,0,0,2,0,3,1,130000
13173,1Story,9,5,2006,2007,0,1652,1,0,2,0,2,1,325000
6955,1Story,7,5,2005,2006,0,1368,0,0,2,0,2,1,202500
8072,1Story,5,5,1994,1995,0,990,1,0,1,0,3,1,138000
12000,1Story,5,7,1948,2005,0,1122,1,0,1,0,2,1,147000
7153,1Story,6,5,1991,1991,0,1294,1,0,2,0,3,1,179200
17500,1Story,7,8,1959,2002,0,1902,1,0,2,0,3,1,335000
8814,1Story,7,5,2005,2007,0,1274,1,0,2,0,3,1,203000
9572,2Story,8,5,1990,1990,0,2810,0,0,2,1,4,1,302000
14774,2Story,9,5,1999,1999,0,2599,0,0,2,1,4,1,333168
8190,1Story,4,6,1954,1954,0,948,1,0,1,0,3,1,119000
11075,2Story,6,5,1969,1969,0,2112,0,0,2,1,4,1,206900
10226,1Story,8,5,2008,2008,0,1630,1,0,2,0,3,1,295493
4230,1Story,7,5,2006,2007,0,1352,0,0,2,0,2,1,208900
14781,1Story,8,5,2001,2002,0,1787,0,0,2,0,3,1,275000
10215,1Story,4,5,1954,1954,0,948,0,0,1,0,3,1,111000
8400,1Story,6,3,1957,1957,0,1478,1,0,1,1,3,1,156500
6627,1Story,3,6,1949,1950,0,720,0,0,1,0,2,1,72500
10186,2Story,7,5,1992,1992,0,1923,1,0,2,1,3,1,190000
5330,1Story,4,7,1940,1950,0,708,0,0,1,0,2,1,82500
9986,1Story,8,5,2006,2007,0,1795,0,0,2,0,2,1,147000
3636,1Story,4,4,1922,1950,0,796,0,0,1,0,2,1,55000
4270,1Story,3,6,1931,2006,0,774,0,0,1,0,3,1,79000
6600,1Story,5,9,1982,2008,0,816,0,1,1,0,3,1,130500
10440,1.5Fin,6,7,1920,1950,0,2792,0,0,2,0,5,1,256000
9084,2Story,7,5,1998,1998,0,1632,0,0,2,1,3,1,176500
10000,1Story,8,5,2006,2006,0,1588,0,0,2,0,3,1,227000
10780,SLvl,5,5,1976,1976,0,954,0,0,1,0,3,1,132500
8877,1Story,4,6,1938,1958,0,816,1,0,1,0,2,1,100000
7200,1.5Fin,5,6,1938,1995,0,1360,0,0,1,1,2,1,125500
2368,2Story,5,6,1970,1970,0,1365,0,0,1,1,3,1,125000
9650,1Story,6,5,1977,1977,0,1334,0,1,2,0,2,1,167900
9246,1Story,5,5,1973,1973,0,1656,0,0,2,0,4,2,135000
4118,1Story,4,4,1941,1950,0,693,0,0,1,0,2,1,52500
13450,2Story,7,5,2002,2002,0,1861,1,0,2,1,3,1,200000
9560,1Story,5,7,1972,1972,0,864,0,0,1,0,3,1,128500
8294,1Story,4,5,1971,1971,0,872,0,0,1,0,3,1,123000
13695,1Story,6,5,2003,2004,0,1114,1,0,1,0,3,1,155000
9375,2Story,8,5,2002,2002,0,2169,0,0,2,1,3,1,228500
7558,1.5Fin,6,6,1928,1950,0,1913,0,0,1,1,3,1,177000
11103,2Story,7,5,2006,2006,0,1456,0,0,2,1,3,1,155835
6000,1Story,4,4,1920,1950,0,960,0,0,1,0,2,1,108500
20781,1Story,7,7,1968,2003,0,2156,0,0,2,0,3,1,262500
15306,1Story,8,5,2006,2007,0,1776,1,0,2,0,3,1,283463
16196,1Story,7,5,1998,1998,0,1494,1,0,2,0,3,1,215000
5250,2Story,8,5,1872,1987,205,2358,0,0,2,0,4,1,122000
11643,2Story,5,5,1969,1969,0,2634,1,1,2,2,6,2,200000
9247,2Story,6,6,1962,1962,0,1716,0,0,1,1,4,1,171000
6000,1.5Fin,6,9,1937,2000,0,1176,0,0,1,0,2,1,134900
14720,1.5Fin,8,5,1995,1996,0,3238,1,0,2,1,4,1,410000
10316,2Story,7,5,2000,2000,0,1865,1,0,2,1,3,1,235000
10192,SLvl,7,6,1968,1992,0,1920,0,0,3,0,4,1,170000
9477,1Story,5,5,1966,1966,0,892,0,0,1,0,3,1,110000
12537,1Story,5,6,1971,2008,0,1078,1,0,1,1,3,1,149900
2117,2Story,6,5,2000,2000,0,1573,0,0,2,1,3,1,177500
16737,1Story,9,5,2004,2005,0,1980,1,0,2,0,3,1,315000
9842,2Story,5,6,1921,1998,0,2601,0,0,3,1,4,1,189000
16158,1Story,7,5,2005,2005,0,1530,1,0,2,0,3,1,260000
12513,1.5Fin,4,4,1920,2007,0,1738,0,0,2,0,4,1,104900
8499,2Story,6,5,2006,2007,0,1412,0,0,2,1,3,1,156932
3180,2Story,7,5,2005,2005,80,1200,0,0,2,1,2,1,144152
7500,2Story,7,5,2000,2000,0,1674,1,0,2,1,3,1,216000
9179,2Story,7,5,1999,1999,0,1790,1,0,2,1,3,1,193000
2665,2Story,5,6,1977,1977,0,1475,0,0,2,0,4,1,127000
4435,1Story,6,5,2003,2004,0,848,1,0,1,0,1,1,144000
10635,1Story,8,5,2003,2003,0,1668,1,0,2,0,3,1,232000
5400,1.5Fin,4,6,1920,1950,0,1374,0,0,1,0,2,1,105000
9600,SLvl,6,6,1955,1996,0,1661,1,0,1,0,3,1,165500
9750,2Story,7,6,1998,1998,0,2097,1,0,2,1,3,1,274300
11400,1Story,10,5,2001,2002,0,2633,1,0,2,1,2,1,466500
10625,2Story,7,5,2005,2005,0,1958,0,0,2,1,3,1,250000
10991,1Story,8,5,2007,2007,0,1571,0,0,2,0,3,1,239000
6292,1Story,6,5,1930,1950,0,790,0,0,1,0,2,1,91000
10998,1.5Fin,5,5,1941,1960,0,1604,0,0,2,0,3,1,117000
1953,2Story,6,5,1973,1973,0,987,0,0,1,1,2,1,83000
9735,SLvl,5,5,2006,2007,0,1394,0,0,2,1,3,1,167500
8212,1Story,3,3,1914,1950,0,864,1,0,1,0,2,1,58500
12925,1Story,6,7,1970,1970,0,2117,0,0,2,1,4,1,237500
7200,2Story,7,7,1920,1950,0,1762,1,0,1,1,4,1,157000
25339,1Story,5,7,1918,2007,0,1416,0,0,2,0,3,1,112000
9060,1.5Fin,6,5,1939,1950,0,1258,0,0,1,0,2,1,105000
5436,1.5Fin,4,8,1922,2007,0,1154,1,0,1,0,3,1,125500
16692,2Story,7,5,1978,1978,0,2784,1,0,3,1,5,1,250000
8520,1.5Fin,6,7,1916,1950,0,2526,0,0,2,0,5,1,136000
14892,1Story,9,5,2006,2007,0,1746,1,0,2,0,3,1,377500
6000,1.5Fin,6,6,1941,1950,0,1218,0,1,1,0,3,1,131000
9100,1Story,7,5,2000,2000,0,1525,1,0,2,0,3,1,235000
8944,1Story,5,5,1967,1967,0,1584,0,0,2,0,4,2,124000
7838,SFoyer,5,5,1967,1967,0,900,1,0,1,0,3,1,123000
10800,1.5Fin,6,7,1905,2000,0,1912,0,0,2,0,3,2,163000
4045,1Story,7,5,2006,2006,0,1500,1,0,2,0,2,1,246578
12665,2Story,8,5,2005,2006,0,2482,0,0,2,1,4,1,281213
57200,1Story,5,5,1948,1950,0,1687,1,0,1,0,3,1,160000
6120,2Story,5,8,1920,2004,0,1513,0,0,1,1,4,1,137500
7200,1.5Fin,5,4,1950,1982,0,1904,1,0,1,1,3,1,138000
6171,1.5Fin,6,6,1925,1990,0,1608,0,0,2,1,3,1,137450
6000,1.5Fin,6,7,1929,1950,0,1158,0,0,1,0,3,1,120000
7415,2Story,6,5,2004,2004,0,1593,1,0,2,1,3,1,193000
6762,1Story,7,5,2006,2006,0,1294,0,0,2,0,2,1,193879
15256,1Story,8,5,2007,2007,0,1464,1,0,2,0,3,1,282922
10410,1.5Fin,3,4,1915,1950,0,1214,0,0,1,0,3,1,105000
3842,1Story,8,5,2004,2005,0,1646,1,1,2,0,2,1,275000
8445,SFoyer,5,7,1972,2007,0,768,1,0,1,0,2,1,133000
8780,1Story,5,5,1985,1985,0,833,1,0,1,0,3,1,112000
7740,2Story,4,7,1910,1950,0,1363,0,0,1,0,3,1,125500
20544,2Story,7,6,1986,1991,0,2093,0,0,2,1,3,1,215000
12420,2Story,7,5,2001,2001,0,1840,1,0,2,1,3,1,230000
9600,1.5Fin,6,8,1950,2005,0,1668,0,0,1,1,3,1,140000
7200,1Story,4,5,1949,1950,0,1040,0,0,2,0,2,2,90000
10994,1Story,8,5,2005,2006,0,1844,1,0,2,0,2,1,257000
13053,1.5Fin,6,7,1923,2000,0,1848,0,0,1,1,4,1,207000
3635,1Story,7,5,2007,2007,0,1569,0,1,2,0,1,1,175900
11340,2Story,4,6,1885,1950,0,2290,0,0,2,0,4,2,122500
16545,2Story,8,5,1998,1998,0,2450,1,0,2,1,3,1,340000
9204,1Story,5,5,1963,1963,0,1144,1,0,1,1,3,1,124000
16381,1Story,6,5,1969,1969,0,1844,1,0,2,0,3,1,223000
11700,2Story,6,6,1968,1968,0,1416,0,0,2,1,3,1,179900
4043,1Story,6,5,1977,1977,0,1069,0,0,2,0,2,1,127500
4435,1Story,6,5,2003,2003,0,848,1,0,1,0,1,1,136500
19690,SLvl,6,7,1966,1966,0,2201,0,0,2,0,4,1,274970
9503,1Story,5,5,1958,1983,0,1344,1,0,1,0,2,1,144000
10721,1Story,6,6,1959,1959,0,1252,0,0,1,0,3,1,142000
10944,2Story,7,5,1994,1994,0,2127,1,0,2,1,3,1,271000
10930,1.5Fin,5,6,1945,1950,0,1558,1,0,1,1,3,1,140000
7200,1Story,5,7,1940,1992,0,804,1,0,1,0,2,1,119000
12546,1Story,6,7,1981,1981,0,1440,0,0,2,0,3,1,182900
21930,2Story,5,5,2005,2005,0,1838,0,0,2,1,4,1,192140
4928,1Story,6,6,1976,1976,0,958,0,0,2,0,2,1,143750
10800,1Story,4,6,1927,2007,0,968,0,0,2,0,4,1,64500
10261,2Story,6,5,2000,2000,0,1792,1,0,2,1,3,1,186500
17400,1Story,5,5,1977,1977,0,1126,1,0,2,0,3,1,160000
8400,1Story,6,9,1962,2005,0,1537,1,0,1,1,3,1,174000
9000,1Story,4,6,1971,1971,0,864,0,0,1,0,3,1,120500
12444,1Story,8,5,2008,2008,0,1932,1,0,2,0,2,1,394617
7407,1Story,6,7,1957,1996,0,1236,1,0,1,0,2,1,149700
11584,SLvl,7,6,1979,1979,0,1725,0,0,2,1,3,1,197000
11526,2.5Fin,6,7,1922,1994,384,2555,0,0,2,0,3,1,191000
4426,1Story,6,5,2004,2004,0,848,1,0,1,0,1,1,149300
11003,2Story,10,5,2008,2008,0,2007,1,0,2,1,3,1,310000
8854,1.5Unf,6,6,1916,1950,0,952,0,0,1,0,2,1,121000
8500,1Story,7,5,2004,2004,0,1422,0,0,2,0,3,1,179600
8400,SFoyer,6,5,1966,1966,0,913,1,0,1,0,3,1,129000
26142,1Story,5,7,1962,1962,0,1188,0,0,1,0,3,1,157900
10000,2Story,8,5,1995,1996,0,2090,1,0,2,1,3,1,240000
11767,2Story,4,7,1910,2000,0,1346,0,0,1,1,2,1,112000
1533,SFoyer,5,7,1970,1970,0,630,1,0,1,0,1,1,92000
9000,2Story,5,5,1974,1974,0,1792,0,0,2,2,4,2,136000
9262,1Story,8,5,2008,2009,0,1578,0,0,2,0,3,1,287090
3675,SLvl,5,5,2005,2005,0,1072,1,0,1,0,2,1,145000
17217,1Story,5,5,2006,2006,0,1140,0,0,1,0,3,1,84500
7500,1Story,7,5,2004,2005,0,1221,1,0,2,0,2,1,185000
7917,2Story,6,5,1999,2000,0,1647,0,0,2,1,3,1,175000
13175,1Story,6,6,1978,1988,0,2073,1,0,2,0,3,1,210000
9042,2Story,7,9,1941,2006,0,2340,0,0,2,0,4,1,266500
9717,1Story,5,6,1950,1996,0,1078,1,0,1,0,2,1,142125
9937,1Story,5,6,1965,1965,0,1256,1,0,1,1,3,1,147500
